"","trap_type","survey_id","N","median_length","sd","se","ci"
"1","Control","2021-05-18 11:57:00 SS/MAY/SB/082/FF",21,32.0476190476191,8.74914961854117,1.90922097111709,3.98256515850369
"2","Control","2021-05-18 12:03:00 SS/MAY/SB/043/FF",43,31.6046511627907,3.33194877114138,0.508117424020539,1.02542247629909
"3","Control","2021-05-18 12:06:00 SS/MAY/SB/047/FF",29,26.6206896551724,8.22632444005848,1.52759009885081,3.12912646822169
"4","Control","2021-05-18 12:07:00 SS/MAY/SB/036/FF",27,24.8518518518519,9.31790544185558,1.7932317383796,3.686040628548
"5","Control","2021-05-18 12:30:00 SS/MAY/SB/002/FF",14,31.2142857142857,2.48622579049423,0.664471792442188,1.43550403349575
"6","Control","2021-05-18 12:35:00 SS/MAY/SB/033/FF",28,29.7857142857143,5.80776710364308,1.09756481634439,2.2520169839905
"7","Control","2021-05-18 12:45:00 SS/MAY/SB/013/FF",38,28.2631578947368,4.18287506533883,0.678551937511696,1.37487682156
"8","Control","2021-05-18 12:45:00 SS/MAY/SB/030/FF",15,29.3333333333333,4.80575052361627,1.24083944959956,2.66133593334439
"9","Control","2021-05-18 12:45:00 SS/MAY/SB/077/FF",23,27.5652173913043,3.66588804764488,0.764390498253507,1.58524886768969
"10","Control","2021-05-18 13:00:00 SS/UYO/SB/094/FF",54,19.7592592592593,5.67661600359502,0.772489593029158,1.54941790764296
"11","Control","2021-05-18 13:00:00 SS/UYO/SB/095/FF",16,23.3125,1.25,0.3125,0.66607798298743
"12","Control","2021-05-18 14:00:00 SS/UYO/SB/085/FF",50,24.4,6.39195923462774,0.90395954397465,1.8165747149381
"13","Control","2021-05-18 14:00:00 SS/UYO/SB/090/FF",40,24,4.96138938356834,0.784464540552736,1.58672930326683
"14","Control","2021-05-18 14:00:00 SS/UYO/SB/091/FF",23,29.304347826087,3.44350221575091,0.71801984682154,1.48908202254377
"15","Control","2021-05-18 14:00:00 SS/UYO/SB/092/FF",32,20.8125,2.52008064387093,0.445491528104523,0.908585961824858
"16","Control","2021-05-18 14:00:00 SS/UYO/SB/100/FF",9,25.7777777777778,2.63523138347365,0.878410461157883,2.02561815583668
"17","Control","2021-05-18 15:00:00 SS/UYO/SB/088/FF",15,18,0,0,0
"18","Control","2021-05-18 17:15:00 SS/MAY/SB/041/FF",47,28.2127659574468,5.6103017442402,0.81834661622422,1.64724630218834
"19","Control","2021-05-18 17:30:00 SS/MAY/SB/041/FF",47,28.2127659574468,5.6103017442402,0.81834661622422,1.64724630218834
"20","Control","2021-05-18 18:45:00 SS/MAY/SB/003/FF",25,29.2,2.17944947177034,0.435889894354067,0.899632525985552
"21","Control","2021-05-18 22:50:00 SS/MAY/SB/006/FF",23,29.7391304347826,4.42325868464691,0.922313192852019,1.91276049082837
"22","Control","2021-05-18 23:25:00 SS/MAY/SB/011/FF",9,25.7777777777778,3.63241578628389,1.21080526209463,2.79212194131718
"23","Control","2021-05-18 23:45:00 SS/MAY/SB/074/FF",54,29.3888888888889,3.81366295800149,0.51897379433649,1.04092960966533
"24","Control","2021-05-19 11:43:00 SS/MAY/SB/042/FF",13,22.2307692307692,3.44368615860597,0.955106693958419,2.08099871849765
"25","Control","2021-05-19 12:25:00 SS/MAY/SB/002/FF",21,25.6190476190476,3.39817878393987,0.741543404876069,1.54683243713255
"26","Control","2021-05-19 12:25:00 SS/MAY/SB/006/FF",17,26.8235294117647,3.32105582077536,0.805474349272303,1.70752934140915
"27","Control","2021-05-19 12:30:00 SS/MAY/SB/030/FF",82,29.890243902439,7.99846605287767,0.883282812477135,1.7574557317303
"28","Control","2021-05-19 12:35:00 SS/MAY/SB/034/FF",15,25.3333333333333,3.71611676478603,0.959497222838566,2.05791687063826
"29","Control","2021-05-19 12:47:00 SS/MAY/SB/074/FF",22,29.1363636363636,9.87201650913885,2.10472099162281,4.37700691346778
"30","Control","2021-05-19 12:50:00 SS/MAY/SB/033/FF",12,27.5833333333333,4.5016831868926,1.29952399987943,2.86023303891755
"31","Control","2021-05-19 12:57:00 SS/MAY/SB/043/FF",14,26.5714285714286,6.02193791596495,1.60943060614031,3.47696343625744
"32","Control","2021-05-19 13:15:00 SS/MAY/SB/029/FF",17,29.7647058823529,9.83316716376714,2.38489334415101,5.05574803834322
"33","Control","2021-05-19 13:15:00 SS/MAY/SB/058/FF",17,29.7647058823529,9.83316716376714,2.38489334415101,5.05574803834322
"34","Control","2021-05-19 13:15:00 SS/MAY/SB/081/FF",17,29.7647058823529,9.83316716376714,2.38489334415101,5.05574803834322
"35","Control","2021-05-19 14:00:00 SS/UYO/SB/089/FF",29,25.0689655172414,4.12250820394885,0.765530555069953,1.56811825626777
"36","Control","2021-05-19 14:00:00 SS/UYO/SB/095/FF",29,23.3448275862069,1.85695338177052,0.344827586206897,0.706347290274222
"37","Control","2021-05-19 14:30:00 SS/UYO/SB/094/FF",54,19.7592592592593,5.67661600359502,0.772489593029158,1.54941790764296
"38","Control","2021-05-19 15:00:00 SS/UYO/SB/090/FF",44,21.6363636363636,3.63504204313941,0.548003207011832,1.10515379273259
"39","Control","2021-05-19 15:00:00 SS/UYO/SB/096/FF",27,20.2222222222222,2.53184841770917,0.487254455170572,1.001565876713
"40","Control","2021-05-19 15:00:00 SS/UYO/SB/100/FF",9,20.2222222222222,3.63241578628389,1.21080526209463,2.79212194131718
"41","Control","2021-05-19 15:15:00 SS/UYO/SB/091/FF",38,21.0263157894737,2.47677691720142,0.401786271332284,0.814096314722043
"42","Control","2021-05-20 12:20:00 SS/MAY/SB/028/FF",22,31.6363636363636,3.15542547950509,0.672738972637232,1.39903728138426
"43","Control","2021-05-20 12:25:00 SS/MAY/SB/034/FF",42,29.7857142857143,4.1055329370088,0.633497485560164,1.27937412676035
"44","Control","2021-05-20 12:30:00 SS/MAY/SB/006/FF",27,29.6666666666667,2.40192230707631,0.462250163521024,0.950168819134947
"45","Control","2021-05-20 12:30:00 SS/MAY/SB/034/FF",42,29.7857142857143,4.1055329370088,0.633497485560164,1.27937412676035
"46","Control","2021-05-20 12:30:00 SS/MAY/SB/038/FF",21,28.4761904761905,4.15474484919408,0.906639655459989,1.89121718113125
"47","Control","2021-05-20 12:42:00 SS/MAY/SB/002/FF",24,29.0416666666667,4.16485467846762,0.850147401257414,1.75866389158913
"48","Control","2021-05-20 12:43:00 SS/MAY/SB/042/FF",21,23,9.48683298050514,2.07019667802706,4.31835459901567
"49","Control","2021-05-20 12:43:00 SS/MAY/SB/043/FF",14,23,10.7417231105915,2.87084625881607,6.20208627506971
"50","Control","2021-05-20 12:45:00 SS/MAY/SB/014/FF",45,28.3333333333333,6.25227231419978,0.932033727226042,1.87839055213933
"51","Control","2021-05-20 12:45:00 SS/MAY/SB/053/FF",21,26.3333333333333,4.28174419288838,0.934353184302314,1.94902658929109
"52","Control","2021-05-20 13:15:00 SS/MAY/SB/015/FF",25,29.4,4.21307488658818,0.842614977317636,1.7390718396921
"53","Control","2021-05-20 13:15:00 SS/MAY/SB/029/FF",45,25.6666666666667,6.62296280856509,0.987293003493631,1.98975830571626
"54","Control","2021-05-20 13:15:00 SS/MAY/SB/058/FF",31,23.8064516129032,6.72021505032247,1.20698625379805,2.46499478126596
"55","Control","2021-05-20 13:15:00 SS/MAY/SB/081/FF",31,23.8064516129032,6.72021505032247,1.20698625379805,2.46499478126596
"56","Control","2021-05-20 14:07:00 SS/MAY/SB/014/FF",45,28.3333333333333,6.25227231419978,0.932033727226042,1.87839055213933
"57","Control","2021-05-20 14:07:00 SS/MAY/SB/036/FF",41,29.3414634146341,6.80297639308546,1.06244641534754,2.14728430357802
"58","Control","2021-05-20 16:30:00 SS/UYO/SB/085/FF",38,22.4736842105263,4.76324237800638,0.772699947750467,1.56563881031498
"59","Control","2021-05-20 16:30:00 SS/UYO/SB/091/FF",25,24.6,8.62650952973836,1.72530190594767,3.56084812205949
"60","Control","2021-05-20 16:33:00 SS/MAY/SB/074/FF",37,25.1621621621622,10.3776295556931,1.70607178958609,3.46007396170154
"61","Control","2021-05-20 16:45:00 SS/MAY/SB/030/FF",36,30.6388888888889,2.7995180991202,0.466586349853367,0.947220648050708
"62","Control","2021-05-20 23:15:00 SS/MAY/SB/028/FF",22,31.6363636363636,3.15542547950509,0.672738972637232,1.39903728138426
"63","Control","2021-05-20 23:25:00 SS/MAY/SB/077/FF",44,28.7954545454545,4.16842809843703,0.628414180367739,1.26731797543177
"64","Control","2021-05-21 08:00:00 SS/UYO/SB/090/FF",45,21.2222222222222,6.83868969669459,1.01945166925577,2.05456983793064
"65","Control","2021-05-21 10:30:00 SS/UYO/SB/088/FF",9,23,3.53553390593274,1.17851130197758,2.71765193574514
"66","Control","2021-05-21 10:30:00 SS/UYO/SB/095/FF",40,21.125,2.70030862433661,0.426956281914983,0.863600594682092
"67","Control","2021-05-21 10:30:00 SS/UYO/SB/100/FF",26,20.3076923076923,3.23443016025056,0.634323942402717,1.30641461431286
"68","Control","2021-05-22 08:30:00 SS/UYO/SB/095/FF",32,20.03125,5.36707029471266,0.948772950124052,1.93503518935519
"69","Control","2021-05-22 09:00:00 SS/UYO/SB/089/FF",51,22.5098039215686,4.82233366336096,0.675261778734218,1.35630319872998
"70","Control","2021-05-22 09:00:00 SS/UYO/SB/090/FF",12,19.25,3.10790780254031,0.897175703206592,1.97467040875249
"71","Control","2021-05-22 09:00:00 SS/UYO/SB/091/FF",53,22.811320754717,2.58737024032559,0.355402635355178,0.713167562745972
"72","Control","2021-05-22 09:00:00 SS/UYO/SB/092/FF",20,26.25,2.44680242464796,0.547121654902415,1.14513878439844
"73","Control","2021-05-22 09:00:00 SS/UYO/SB/094/FF",19,19.8421052631579,4.47540386625407,1.02672806234383,2.15707561551212
"74","Control","2021-05-22 11:00:00 SS/MAY/SB/034/FF",23,28.2173913043478,4.38962124830347,0.915299302522483,1.89821457257272
"75","Control","2021-05-22 11:00:00 SS/UYO/SB/100/FF",32,25.5,5.38815906080325,0.952500952501429,1.94263850033205
"76","Control","2021-05-22 11:25:00 SS/MAY/SB/082/FF",24,28,3.61157559257308,0.737209780774486,1.5250346234745
"77","Control","2021-05-22 12:45:00 SS/MAY/SB/013/FF",23,28,3.69274472937998,0.769990503509018,1.59686256776921
"78","Control","2021-05-22 12:45:00 SS/MAY/SB/077/FF",27,29.2962962962963,3.82114375562339,0.735379458640473,1.51159412580875
"79","Control","2021-05-23 01:00:00 SS/UYO/SB/100/FF",5,30,10.9544511501033,4.89897948556636,13.6017476131651
"80","Control","2021-05-23 07:30:00 SS/UYO/SB/095/FF",34,26.0882352941176,3.69576044628062,0.633817687562773,1.28951178114043
"81","Control","2021-05-23 09:00:00 SS/UYO/SB/096/FF",19,24.0526315789474,4.27490980035481,0.980731569078855,2.06044056903794
"82","Control","2021-05-23 10:15:00 SS/UYO/SB/092/FF",2,28,0,0,0
"83","Control","2021-05-23 12:15:00 SS/MAY/SB/001/FF",19,27.2105263157895,3.44123600805843,0.789473684210526,1.65862266334819
"84","Control","2021-05-23 12:15:00 SS/MAY/SB/002/FF",19,30.1052631578947,2.53628636750894,0.581863998307965,1.22245089846798
"85","Control","2021-05-23 12:15:00 SS/MAY/SB/015/FF",17,30.3529411764706,2.57247877713763,0.623917748105777,1.32264654048763
"86","Control","2021-05-23 12:15:00 SS/MAY/SB/034/FF",11,30.7272727272727,3.43775825476164,1.03652311372649,2.30951742067578
"87","Control","2021-05-23 12:15:00 SS/MAY/SB/045/FF",9,27.4444444444444,4.63980363569168,1.54660121189723,3.56646879014678
"88","Control","2021-05-23 12:25:00 SS/MAY/SB/082/FF",18,31.6111111111111,2.87256574980071,0.677070240362767,1.42849334040471
"89","Control","2021-05-23 12:25:00 SS/MAY/SB/083/FF",15,33,3.27326835353989,0.845154254728517,1.81267559477882
"90","Control","2021-05-23 12:35:00 SS/MAY/SB/033/FF",14,28.3571428571429,6.03333232145378,1.61247588910211,3.48354237011817
"91","Control","2021-05-23 13:30:00 SS/MAY/SB/074/FF",12,26.3333333333333,3.89249472080762,1.12366643743874,2.4731731536957
"92","Control","2021-05-24 08:00:00 SS/UYO/SB/095/FF",20,24.25,3.19333186829253,0.714050713221849,1.49452531884074
"93","Control","2021-05-24 09:30:00 SS/UYO/SB/085/FF",22,23,4.62910049886276,0.986927542439654,2.05242818100057
"94","Control","2021-05-24 09:30:00 SS/UYO/SB/089/FF",21,22.5238095238095,4.44543639723984,0.97007375178397,2.02353838737342
"95","Control","2021-05-24 09:30:00 SS/UYO/SB/091/FF",28,23.1785714285714,3.18623859780092,0.602142496249743,1.23549434907484
"96","Control","2021-05-24 09:30:00 SS/UYO/SB/100/FF",4,24.25,4.78713553878169,2.39356776939085,7.61740090414406
"97","Control","2021-05-24 10:00:00 SS/UYO/SB/099/FF",13,22.6153846153846,9.00498437476399,2.49753329984335,5.44165759621983
"98","Control","2021-05-24 11:45:00 SS/MAY/SB/074/FF",26,26.6538461538462,4.5951479427092,0.901182654912306,1.85602042086447
"99","Control","2021-05-24 12:15:00 SS/MAY/SB/002/FF",15,27.6666666666667,4.41857550844268,1.1408712905439,2.44692555658616
"100","Control","2021-05-24 12:15:00 SS/MAY/SB/015/FF",17,28,4.33012701892219,1.05021006302101,2.22634587789372
"101","Control","2021-05-24 12:50:00 SS/MAY/SB/013/FF",21,27.2857142857143,3.63514589999985,0.793253868997985,1.65469857513202
"102","Control","2021-05-24 12:50:00 SS/MAY/SB/077/FF",20,28,4.29197537639476,0.959714869937393,2.00870630815231
"103","Control","2021-05-25 08:30:00 SS/UYO/SB/095/FF",14,21.5714285714286,4.12710152927778,1.10301428021345,2.382917478604
"104","Control","2021-05-25 09:00:00 SS/UYO/SB/088/FF",6,23,0,0,0
"105","Control","2021-05-25 10:00:00 SS/UYO/SB/086/FF",25,21.2,2.84312035153866,0.568624070307733,1.1735824008152
"106","Control","2021-05-25 10:00:00 SS/UYO/SB/094/FF",23,22.5652173913043,2.08514414057075,0.434782608695652,0.901683942566968
"107","Control","2021-05-25 10:00:00 SS/UYO/SB/100/FF",5,29,12.9421791055448,5.78791845139511,16.06983785366
"108","Control","2021-05-25 11:00:00 SS/UYO/SB/089/FF",12,23.8333333333333,4.17423554968361,1.20499800913537,2.65218273604692
"109","Control","2021-05-25 11:00:00 SS/UYO/SB/090/FF",12,23.4166666666667,4.98102459947811,1.43789794667442,3.16479204235663
"110","Control","2021-05-25 11:00:00 SS/UYO/SB/092/FF",3,31.3333333333333,2.88675134594813,1.66666666666667,7.17108788291577
"111","Control","2021-05-25 11:00:00 SS/UYO/SB/099/FF",12,23.4166666666667,4.98102459947811,1.43789794667442,3.16479204235663
"112","Control","2021-05-25 11:25:00 SS/MAY/SB/074/FF",18,26.6111111111111,4.791400248348,1.12934386899526,2.38270728753675
"113","Control","2021-05-25 12:25:00 SS/MAY/SB/003/FF",22,26.6363636363636,4.135162282132,0.881619560797242,1.83342824441668
"114","Control","2021-05-25 13:45:00 SS/MAY/SB/034/FF",13,31.0769230769231,2.53184841770917,0.702208407057905,1.52998068639795
"115","Control","2021-05-25 14:48:00 SS/MAY/SB/001/FF",25,28.6,3.3291640592397,0.665832811847939,1.37421138265771
"116","Control","2021-05-25 14:48:00 SS/MAY/SB/014/FF",10,31.5,2.41522945769824,0.763762615825973,1.72775107206822
"117","Control","2021-05-25 14:48:00 SS/MAY/SB/015/FF",18,29.1111111111111,4.04226041727222,0.952769917458382,2.01016881394466
"118","Control","2021-05-26 10:30:00 SS/UYO/SB/086/FF",21,22.047619047619,2.01186954040739,0.439025926537757,0.915792035159789
"119","Control","2021-05-26 10:30:00 SS/UYO/SB/088/FF",12,22.1666666666667,2.88675134594813,0.833333333333333,1.83415430007637
"120","Control","2021-05-26 10:30:00 SS/UYO/SB/100/FF",14,19.4285714285714,2.34403615469248,0.626470013790735,1.35340618200732
"121","Control","2021-05-26 11:00:00 SS/UYO/SB/085/FF",57,22.9122807017544,4.77074680345296,0.631900850853807,1.26584951470496
"122","Control","2021-05-26 11:00:00 SS/UYO/SB/091/FF",51,20.2549019607843,3.21149894756266,0.449699801614891,0.903248634243493
"123","Control","2021-05-26 11:00:00 SS/UYO/SB/097/FF",19,24.3157894736842,2.26206964179432,0.518954366938563,1.09028266738056
"124","Control","2021-05-26 11:57:00 SS/MAY/SB/074/FF",26,30.3076923076923,3.23443016025056,0.634323942402717,1.30641461431286
"125","Control","2021-05-26 12:26:00 SS/MAY/SB/077/FF",23,27.7826086956522,3.52853976672724,0.735751401936217,1.52585501714815
"126","Control","2021-05-26 12:36:00 SS/MAY/SB/013/FF",16,30.1875,3.14576434802948,0.78644108700737,1.67625949751139
"127","Control","2021-05-26 12:36:00 SS/MAY/SB/014/FF",14,26.5714285714286,5.34522483824849,1.42857142857143,3.08624093780399
"128","Control","2021-05-26 13:15:00 SS/MAY/SB/006/FF",16,31.125,3.09569593683445,0.773923984208613,1.64957992443926
"129","Control","2021-05-27 08:30:00 SS/UYO/SB/095/FF",22,23.6818181818182,2.80112840589651,0.597202582741186,1.2419507591757
"130","Control","2021-05-27 09:00:00 SS/UYO/SB/100/FF",21,23,5,1.09108945117996,2.27597271285877
"131","Control","2021-05-27 11:00:00 SS/UYO/SB/086/FF",22,22.7727272727273,2.42863508956541,0.517786740861718,1.07679647491245
"132","Control","2021-05-27 11:00:00 SS/UYO/SB/088/FF",9,20.7777777777778,3.63241578628389,1.21080526209463,2.79212194131718
"133","Control","2021-05-27 11:30:00 SS/UYO/SB/085/FF",57,22.9122807017544,4.77074680345296,0.631900850853807,1.26584951470496
"134","Control","2021-05-27 11:30:00 SS/UYO/SB/090/FF",25,23.2,5.09901951359278,1.01980390271856,2.10477180796348
"135","Control","2021-05-27 11:30:00 SS/UYO/SB/091/FF",29,22.3103448275862,4.37609943961729,0.812621265336139,1.66457920348924
"136","Control","2021-05-28 12:00:00 SS/UYO/SB/089/FF",34,21.8235294117647,4.44815650092086,0.76285254640038,1.55203517534975
"137","Control","2021-05-28 12:00:00 SS/UYO/SB/091/FF",46,23.5434782608696,3.37116215859115,0.497050743178044,1.00111158628064
"138","Control","2021-05-28 12:00:00 SS/UYO/SB/092/FF",3,24.6666666666667,2.88675134594813,1.66666666666667,7.17108788291577
"139","Control","2021-05-28 12:00:00 SS/UYO/SB/099/FF",22,23.2272727272727,2.42863508956541,0.517786740861718,1.07679647491245
"140","Control","2021-05-28 SS/UYO/SB/096/FF",50,24,5.53283335172488,0.782460796435952,1.57241384054211
"141","Control","2021-05-28 SS/UYO/SB/100/FF",25,23,4.08248290463863,0.816496580927726,1.68516611895093
"142","Control","2021-05-29 09:00:00 SS/UYO/SB/088/FF",5,23,0,0,0
"143","Control","2021-05-29 12:30:00 SS/UYO/SB/086/FF",22,21.6363636363636,3.15542547950509,0.672738972637232,1.39903728138426
"144","Control","2021-05-29 12:30:00 SS/UYO/SB/090/FF",21,24.1904761904762,5.67995640492995,1.23946810331623,2.5854851575696
"145","Control","2021-05-29 12:30:00 SS/UYO/SB/091/FF",13,23.3846153846154,4.77036793721514,1.32306201541989,2.88270449364224
"146","Control","2021-05-29 12:30:00 SS/UYO/SB/092/FF",7,25.1428571428571,3.93397896234722,1.48690428533295,3.63832371729944
"147","Control","2021-05-29 12:30:00 SS/UYO/SB/100/FF",16,22.6875,4.64354390525168,1.16088597631292,2.47436988665889
"148","Control","2021-05-30 10:30:00 SS/UYO/SB/095/FF",22,21.8636363636364,3.05965224518602,0.652320050472711,1.35657380815651
"149","Control","2021-05-30 12:00:00 SS/UYO/SB/094/FF",24,23.625,4.25095897109265,0.867723366390297,1.79502254562172
"150","Control","2021-05-30 13:30:00 SS/UYO/SB/092/FF",8,25.5,2.67261241912424,0.944911182523068,2.23435989779526
"151","Control","2021-05-30 13:30:00 SS/UYO/SB/096/FF",16,23.9375,2.71952814534679,0.679882036336697,1.44913425738411
"152","Control","2021-05-30 13:30:00 SS/UYO/SB/100/FF",18,22.1666666666667,3.92952623996688,0.926198217043686,1.95410742648021
"153","Control","2021-05-31 08:00:00 SS/UYO/SB/100/FF",6,23.8333333333333,5.84522597225006,2.38630351054606,6.13418845852487
"154","Control","2021-05-31 14:00:00 SS/UYO/SB/091/FF",44,21.75,2.4411682296764,0.368019957635125,0.74218297772291
"155","Control","2021-05-31 14:00:00 SS/UYO/SB/099/FF",66,24.5151515151515,5.81574103815187,0.715868235535806,1.42968759060225
"156","Control","2021-06-01 09:00:00 SS/UYO/SB/088/FF",6,26.3333333333333,9.83192080250175,4.01386485959743,10.3179680987801
"157","Control","2021-06-01 09:00:00 SS/UYO/SB/095/FF",14,22.6428571428571,2.37315573274662,0.63425254838545,1.37021932581358
"158","Control","2021-06-01 14:30:00 SS/UYO/SB/089/FF",40,20,4.35595672319629,0.688737231721194,1.39310254489371
"159","Control","2021-06-01 14:30:00 SS/UYO/SB/090/FF",41,21.2926829268293,5.31622000315555,0.83025407692026,1.67800608256499
"160","Control","2021-06-01 14:30:00 SS/UYO/SB/095/FF",14,22.6428571428571,2.37315573274662,0.63425254838545,1.37021932581358
"161","Control","2021-06-01 14:30:00 SS/UYO/SB/096/FF",36,22.7222222222222,2.37379877725991,0.395633129543318,0.803177952964385
"162","Control","2021-06-01 15:00:00 SS/UYO/SB/092/FF",20,23,0,0,0
"163","Control","2021-06-01 15:00:00 SS/UYO/SB/094/FF",13,20.3076923076923,2.59437260831385,0.719549497456527,1.56776367663889
"164","Control","2021-06-02 09:30:00 SS/UYO/SB/088/FF",12,27.1666666666667,5.57320429022713,1.6088454986057,3.54104506731139
"165","Control","2021-06-02 15:30:00 SS/UYO/SB/092/FF",27,23.9259259259259,1.97923695331785,0.380904329262705,0.782960062106007
"166","Control","2021-06-02 16:00:00 SS/UYO/SB/085/FF",39,21.8461538461538,3.7101458443348,0.594098804400948,1.20269015241636
"167","Control","2021-06-02 16:00:00 SS/UYO/SB/091/FF",44,23.5681818181818,4.96685632302921,0.748781764140552,1.5100623426663
"168","Control","2021-06-02 16:00:00 SS/UYO/SB/099/FF",54,24.8518518518519,3.92095198012781,0.533573980959359,1.07021387551505
"169","Control","2021-06-04 08:00:00 SS/UYO/SB/094/FF",17,25.0588235294118,5.87867532097255,1.42578819335774,3.02253594666618
"170","Control","2021-06-04 08:30:00 SS/UYO/SB/088/FF",21,23.2380952380952,1.92106121466136,0.419209925277595,0.874456580860119
"171","Control","2021-06-05 08:00:00 SS/UYO/SB/088/FF",8,19.25,2.31455024943138,0.818317088384971,1.9350124326879
"172","Control","2021-06-05 08:00:00 SS/UYO/SB/091/FF",19,25.6315789473684,5.36667211506752,1.23119902172089,2.58665316065663
"173","Control","2021-06-05 08:00:00 SS/UYO/SB/092/FF",7,28,0,0,0
"174","Control","2021-06-06 07:30:00 SS/UYO/SB/100/FF",37,25.027027027027,4.32362043820843,0.710798821534212,1.44156682585751
"175","Control","2021-06-06 08:00:00 SS/UYO/SB/094/FF",28,21.9285714285714,3.93397896234722,0.743452142666476,1.52543779386573
"176","Control","2021-06-06 08:00:00 SS/UYO/SB/096/FF",35,23.2857142857143,4.0115379812224,0.678073678567032,1.37801151018072
"177","Control","2021-07-04 12:40:00 SS/MAY/SB/074/FF",12,27.1666666666667,9.49481517205654,2.74091704774629,6.03271774713178
"178","Control","2021-07-04 13:23:00 SS/MAY/SB/028/FF",13,27.2307692307692,1.87766904049703,0.520771692604869,1.13466404517501
"179","Control","2021-07-05 13:07:00 SS/MAY/SB/028/FF",4,24.25,2.5,1.25,3.97805788160463
"180","Control","2021-07-05 13:08:00 SS/MAY/SB/074/FF",12,32.1666666666667,8.21122660899347,2.3703769465397,5.21716448315721
"181","Control","2021-07-06 12:35:00 SS/MAY/SB/074/FF",12,30.5,6.90849279707757,1.99431008804366,4.38944690840515
"182","Control","2021-07-06 13:17:00 SS/MAY/SB/028/FF",8,26.75,2.31455024943138,0.818317088384971,1.9350124326879
"183","Control","2021-07-07 13:18:00 SS/MAY/SB/052/FF",6,26.3333333333333,2.58198889747161,1.05409255338946,2.70963117082245
"184","Control","2021-07-07 13:35:00 SS/MAY/SB/002/FF",8,29.25,9.16125381312904,3.23899234771733,7.65899985613585
"185","Control","2021-07-07 13:35:00 SS/MAY/SB/015/FF",8,29.25,9.16125381312904,3.23899234771733,7.65899985613585
"186","Control","2021-07-09 12:20:00 SS/MAY/SB/013/FF",11,33,5.47722557505166,1.65144564768954,3.6796502095607
"187","Control","2021-07-09 12:35:00 SS/MAY/SB/074/FF",10,28,8.81917103688197,2.78886675511359,6.30885490616998
"188","Control","2021-07-09 12:40:00 SS/MAY/SB/001/FF",12,33,12.0604537831105,3.48155311911396,7.66284674924058
"189","Control","2021-07-09 13:18:00 SS/MAY/SB/052/FF",9,24.1111111111111,5.464532103585,1.821510701195,4.20041120927431
"190","Control","2021-07-10 12:20:00 SS/MAY/SB/001/FF",18,31.8888888888889,5.82983088130137,1.37410431644632,2.89910669240644
"191","Control","2021-07-11 12:40:00 SS/MAY/SB/031/FF",8,35.5,6.54653670707977,2.31455024943138,5.47304165133556
"192","Control","2021-07-11 12:40:00 SS/MAY/SB/074/FF",10,28.5,6.43341968853959,2.03442593595562,4.60219120320444
"193","Control","2021-07-11 13:20:00 SS/MAY/SB/052/FF",8,29.875,2.58774584753383,0.91490631838925,2.16340966839869
"194","Control","2021-07-12 12:45:00 SS/MAY/SB/036/FF",6,23,4.47213595499958,1.82574185835055,4.69321885763682
"195","Control","2021-07-13 12:34:00 SS/MAY/SB/074/FF",15,32.6666666666667,9.53689577128643,2.46241589978055,5.28135684196647
"196","Control","2021-07-13 12:47:00 SS/MAY/SB/028/FF",8,25.5,2.67261241912424,0.944911182523068,2.23435989779526
"197","Control","2021-07-13 13:11:00 SS/MAY/SB/017/FF",9,25.2222222222222,5.65194165260439,1.88398055086813,4.34446694094613
"198","Control","2021-07-14 13:13:00 SS/MAY/SB/028/FF",7,25.8571428571429,2.67261241912424,1.01015254455221,2.47175423272905
"199","Control","2021-07-15 12:29:00 SS/MAY/SB/029/FF",6,26.3333333333333,5.16397779494322,2.10818510677892,5.41926234164489
"200","Control","2021-07-15 12:49:00 SS/MAY/SB/028/FF",12,26.3333333333333,3.25669473639465,0.940126791362944,2.06920511639441
"201","Control","2021-07-16 13:34:00 SS/MAY/SB/017/FF",7,28.7142857142857,6.07492896293956,2.29610732404594,5.61837222270878
"202","Control","2021-07-17 12:30:00 SS/MAY/SB/003/FF",12,30.9166666666667,5.41812334725416,1.56407748651989,3.44251133706371
"203","Control","2021-07-17 12:45:00 SS/MAY/SB/077/FF",13,28.7692307692308,6.72252242036482,1.86449225285243,4.06237964133004
"204","Control","2021-07-17 13:57:00 SS/MAY/SB/028/FF",10,23,6.66666666666667,2.10818510677892,4.76904603980443
"205","Control","2021-07-18 01:48:00 SS/MAY/SB/058/FF",11,28.4545454545455,3.50324524872685,1.0562681853293,2.35351218184924
"206","Control","2021-07-18 13:13:00 SS/MAY/SB/017/FF",6,26.3333333333333,4.08248290463863,1.66666666666667,4.28430305939386
"207","Control","2021-07-19 12:20:00 SS/MAY/SB/013/FF",14,28.7142857142857,7.03210846407743,1.87941004137221,4.06021854602195
"208","Control","2021-07-19 13:11:00 SS/MAY/SB/028/FF",9,31.3333333333333,2.5,0.833333333333333,1.92167011267014
"209","Control","2021-07-19 13:27:00 SS/MAY/SB/083/FF",8,27.375,4.95515604482557,1.75191222056684,4.14261412341411
"210","Control","2021-07-20 12:18:00 SS/MAY/SB/028/FF",5,25,2.73861278752583,1.22474487139159,3.40043690329128
"211","Control","2021-07-21 12:45:00 SS/MAY/SB/030/FF",14,33,8.77058019307029,2.34403615469248,5.0639822382132
"212","Control","2021-07-21 12:45:00 SS/MAY/SB/077/FF",14,33,8.77058019307029,2.34403615469248,5.0639822382132
"213","Control","2021-07-21 13:13:00 SS/MAY/SB/083/FF",14,22.6428571428571,4.14370965082372,1.10745298740365,2.39250672249292
"214","Control","2021-07-21 13:27:00 SS/MAY/SB/012/FF",8,25.5,4.62910049886276,1.63663417676994,3.8700248653758
"215","Control","2021-07-22 11:45:00 SS/MAY/SB/034/FF",7,22.2857142857143,4.49867705421219,1.70034010203401,4.16058234664407
"216","Control","2021-07-22 12:30:00 SS/MAY/SB/031/FF",43,28.3488372093023,6.39897209353351,0.975834095862094,1.96931293384567
"217","Control","2021-07-22 12:30:00 SS/MAY/SB/077/FF",21,29.1904761904762,5.2212933993317,1.13937962990528,2.37670426054172
"218","Control","2021-07-22 13:18:00 SS/MAY/SB/028/FF",7,28.7142857142857,4.49867705421219,1.70034010203401,4.16058234664407
"219","Control","2021-07-22 13:32:00 SS/MAY/SB/083/FF",7,25.1428571428571,2.67261241912424,1.01015254455221,2.47175423272905
"220","Control","2021-07-23 12:40:00 SS/MAY/SB/036/FF",12,32.1666666666667,4.17423554968361,1.20499800913537,2.65218273604692
"221","Control","2021-07-23 14:10:00 SS/MAY/SB/017/FF",11,24.3636363636364,2.33549683248457,0.70417879021953,1.56900812123283
"222","Control","2021-07-23 14:13:00 SS/MAY/SB/028/FF",13,23.3846153846154,5.18874521662771,1.43909899491305,3.13552735327778
"223","Control","2021-07-24 12:30:00 SS/MAY/SB/070/FF",9,28,9.35414346693485,3.11804782231162,7.19023117201494
"224","Control","2021-07-24 12:45:00 SS/MAY/SB/074/FF",8,29.25,6.40869944461656,2.26581741793741,5.35780681613615
"225","Control","2021-07-24 13:03:00 SS/MAY/SB/012/FF",14,22.2857142857143,4.32218910753783,1.15515362866091,2.4955576927583
"226","Control","2021-07-24 13:15:00 SS/MAY/SB/077/FF",20,32.75,7.85979107797871,1.75750271393067,3.67849545594479
"227","Control","2021-07-24 13:47:00 SS/MAY/SB/083/FF",9,27.4444444444444,4.63980363569168,1.54660121189723,3.56646879014678
"228","Control","2021-07-25 12:21:00 SS/MAY/SB/001/FF",10,25,6.32455532033676,2,4.52431432559641
"229","Control","2021-07-25 12:21:00 SS/MAY/SB/002/FF",10,25,6.32455532033676,2,4.52431432559641
"230","Control","2021-07-25 13:03:00 SS/MAY/SB/012/FF",8,23,4.62910049886276,1.63663417676994,3.8700248653758
"231","Control","2021-07-25 13:18:00 SS/MAY/SB/074/FF",9,23,4.33012701892219,1.44337567297406,3.32843027053129
"232","Control","2021-07-26 12:15:00 SS/MAY/SB/015/FF",10,31,2.58198889747161,0.816496580927726,1.8470435889459
"233","Control","2021-07-29 12:17:00 SS/MAY/SB/003/FF",10,27.5,4.37797517885457,1.38443731048635,3.13181477836177
"234","Control","2021-08-01 13:04:00 SS/MAY/SB/083/FF",16,30.8125,4.81966458030708,1.20491614507677,2.56821796986152
"235","Control","2021-08-01 13:23:00 SS/MAY/SB/081/FF",10,28.5,3.68932393686311,1.16666666666667,2.63918335659791
"236","Control","2021-08-01 14:13:00 SS/MAY/SB/078/FF",5,26,2.73861278752583,1.22474487139159,3.40043690329128
"237","Control","2021-08-02 14:14:00 SS/MAY/SB/029/FF",20,30.25,4.99341671867228,1.11656192229352,2.33699096159671
"238","Control","2021-08-04 14:18:00 SS/MAY/SB/081/FF",22,26.4090909090909,4.72741841267354,1.0078889920947,2.09601990190877
"239","Control","2021-08-05 12:15:00 SS/MAY/SB/015/FF",18,32.4444444444444,8.38220960776433,1.97570575165906,4.16837477206517
"240","Control","2021-08-05 12:45:00 SS/MAY/SB/074/FF",17,30.9411764705882,8.84922728431199,2.14625287048918,4.54985283361884
"241","Control","2021-08-06 13:15:00 SS/MAY/SB/074/FF",18,31.0555555555556,10.1661041310137,2.39617372309613,5.05548464818307
"242","Control","2021-08-07 12:40:00 SS/MAY/SB/074/FF",17,25.6470588235294,8.85960761314086,2.14877047002977,4.55518990622626
"243","Control","2021-08-07 13:35:00 SS/MAY/SB/015/FF",16,26.125,9.28708781050335,2.32177195262584,4.94873977331778
"244","Control","2021-08-13 12:13:00 SS/MAY/SB/026/FF",14,27.2857142857143,4.32218910753783,1.15515362866091,2.4955576927583
"245","Control","2021-08-13 12:30:00 SS/MAY/SB/001/FF",12,28.8333333333333,5.96708141439855,1.72254803043971,3.79130265254288
"246","Control","2021-08-13 12:33:00 SS/MAY/SB/027/FF",10,26.5,6.25832778517286,1.97905701450632,4.4769380009515
"247","Control","2021-08-13 13:04:00 SS/MAY/SB/017/FF",8,30.5,2.67261241912424,0.944911182523068,2.23435989779526
"248","Control","2021-08-14 12:00:00 SS/MAY/SB/033/FF",14,29.4285714285714,5.69364403678193,1.52169037627761,3.28741219375121
"249","Control","2021-08-14 12:40:00 SS/MAY/SB/001/FF",22,29.5909090909091,5.85262733763621,1.24778434094647,2.59490959066668
"250","Control","2021-08-15 12:04:00 SS/MAY/SB/042/FF",10,27,3.16227766016838,1,2.2621571627982
"251","Control","2021-08-15 12:41:00 SS/MAY/SB/070/FF",24,31.125,7.91428263111808,1.6154961772009,3.34190846156952
"252","Control","2021-08-15 13:17:00 SS/MAY/SB/001/FF",12,27.5833333333333,4.5016831868926,1.29952399987943,2.86023303891755
"253","Control","2021-08-16 13:15:00 SS/MAY/SB/001/FF",12,27.1666666666667,4.17423554968361,1.20499800913537,2.65218273604692
"254","Control","2021-08-17 12:15:00 SS/MAY/SB/033/FF",15,30.6666666666667,7.52772652709081,1.9436506316151,4.1687160006511
"255","Control","2021-08-18 12:32:00 SS/MAY/SB/026/FF",9,30.2222222222222,6.66666666666667,2.22222222222222,5.12445363378704
"256","Control","2021-08-18 12:50:00 SS/MAY/SB/042/FF",8,28.625,5.62995813229802,1.99049078657214,4.70676278650047
"257","Control","2021-08-18 12:57:00 SS/MAY/SB/027/FF",7,28.7142857142857,4.49867705421219,1.70034010203401,4.16058234664407
"258","Control","2021-08-18 13:19:00 SS/MAY/SB/074/FF",13,33,3.53553390593274,0.98058067569092,2.13650175671914
"259","Control","2021-08-18 14:02:00 SS/MAY/SB/078/FF",22,30.9545454545455,6.10602569463557,1.30180905218207,2.70726012810964
"260","Control","2021-08-20 12:40:00 SS/MAY/SB/001/FF",8,29.875,6.5123509031466,2.30246374254065,5.4444616040247
"261","Control","2021-08-23 12:43:00 SS/MAY/SB/026/FF",8,24.875,5.9386746958271,2.09963857434015,4.96485629246442
"262","Control","2021-08-23 12:57:00 SS/MAY/SB/042/FF",8,32.375,4.1726148019814,1.47524211088021,3.48839327235826
"263","Control","2021-08-23 13:03:00 SS/MAY/SB/065/FF",8,32.375,7.76323754260148,2.74471895516775,6.49022900519607
"264","Control","2021-08-25 10:30:00 SS/UYO/SB/071/FF",3,28,0,0,0
"265","Control","2021-08-25 10:30:00 SS/UYO/SB/079/FF",12,25.5,3.37099931231621,0.973123680201904,2.14183077905815
"266","Control","2021-08-25 10:30:00 SS/UYO/SB/086/FF",10,21.5,2.41522945769824,0.763762615825973,1.72775107206822
"267","Control","2021-08-25 10:30:00 SS/UYO/SB/088/FF",34,20.6470588235294,5.11019392943506,0.87639102870195,1.78303095444148
"268","Control","2021-08-25 10:30:00 SS/UYO/SB/090/FF",17,20.9411764705882,3.09173471200421,0.749855810822468,1.5896233070144
"269","Control","2021-08-25 10:30:00 SS/UYO/SB/091/FF",47,23.2127659574468,4.03213273058772,0.58814700646556,1.18387852083216
"270","Control","2021-08-25 10:30:00 SS/UYO/SB/092/FF",5,23,0,0,0
"271","Control","2021-08-25 10:30:00 SS/UYO/SB/094/FF",6,16.3333333333333,2.58198889747161,1.05409255338946,2.70963117082245
"272","Control","2021-08-25 12:15:00 SS/MAY/SB/034/FF",14,33.3571428571429,9.49985540664976,2.53894315396967,5.48505321037687
"273","Control","2021-08-25 13:22:00 SS/MAY/SB/002/FF",23,27.1304347826087,6.33392272411803,1.32071418550226,2.73899357971194
"274","Control","2021-08-27 12:30:00 SS/UYO/SB/079/FF",7,25.1428571428571,2.67261241912424,1.01015254455221,2.47175423272905
"275","Control","2021-08-27 12:30:00 SS/UYO/SB/089/FF",22,20.5,4.00891862868637,0.854704323447285,1.77745494418958
"276","Control","2021-08-27 12:30:00 SS/UYO/SB/091/FF",54,22.6296296296296,3.74315121152126,0.509378361017097,1.02168360771162
"277","Control","2021-08-27 12:30:00 SS/UYO/SB/092/FF",31,23.6451612903226,4.78573148081373,0.859542748030595,1.75542047931636
"278","Control","2021-08-27 12:30:00 SS/UYO/SB/094/FF",8,28.625,11.783008347374,4.16592255260293,9.8508414981422
"279","Control","2021-08-28 12:15:00 SS/MAY/SB/066/FF",8,31.125,2.58774584753383,0.91490631838925,2.16340966839869
"280","Control","2021-08-28 12:35:00 SS/MAY/SB/068/FF",13,28,7.63762615825973,2.11829636434081,4.6153712956632
"281","Control","2021-08-28 12:36:00 SS/MAY/SB/033/FF",8,26.125,7.03942976586679,2.48881426156542,5.88511056060758
"282","Control","2021-08-28 12:45:00 SS/MAY/SB/002/FF",18,34.1111111111111,5.30137483709638,1.24954603230753,2.63631168418223
"283","Control","2021-08-28 12:45:00 SS/MAY/SB/015/FF",18,34.1111111111111,5.30137483709638,1.24954603230753,2.63631168418223
"284","Control","2021-08-30 08:00:00 SS/UYO/SB/088/FF",23,19.7391304347826,4.15842399456538,0.86709134262768,1.79823738288829
"285","Control","2021-08-30 08:00:00 SS/UYO/SB/100/FF",21,26.5714285714286,6.35272719838833,1.38627872647711,2.89172675115352
"286","Control","2021-08-30 14:00:00 SS/UYO/SB/092/FF",9,26.3333333333333,6.61437827766148,2.20479275922049,5.08426122003066
"287","Control","2021-09-01 07:00:00 SS/UYO/SB/088/FF",40,22.5,4.90943623062405,0.776250025806185,1.57011387887647
"288","Control","2021-09-01 07:00:00 SS/UYO/SB/090/FF",19,24.0526315789474,4.88164002736018,1.11992502936875,2.35287517761839
"289","Control","2021-09-01 07:00:00 SS/UYO/SB/100/FF",24,29.25,3.9699961669021,0.810372074142936,1.67638235844685
"290","Control","2021-09-03 07:30:00 SS/UYO/SB/085/FF",13,21.4615384615385,3.15212585978058,0.874242416473452,1.90481059325164
"291","Control","2021-09-03 07:30:00 SS/UYO/SB/086/FF",13,19.9230769230769,3.83973823894152,1.06495177729719,2.32033059535203
"292","Control","2021-09-03 07:30:00 SS/UYO/SB/088/FF",48,20.7083333333333,6.09833717598959,0.880219152541674,1.77077253012897
"293","Control","2021-09-03 07:30:00 SS/UYO/SB/089/FF",13,21.4615384615385,3.15212585978058,0.874242416473452,1.90481059325164
"294","Control","2021-09-04 08:00:00 SS/UYO/SB/085/FF",28,24.9642857142857,3.14445005327897,0.594245203645712,1.21929044311231
"295","Control","2021-09-04 08:00:00 SS/UYO/SB/091/FF",18,21.6111111111111,3.75951950761059,0.886127245944853,1.86956506743699
"296","Control","2021-09-04 08:00:00 SS/UYO/SB/095/FF",12,28.8333333333333,5.14928650544437,1.48647097502641,3.27170055694007
"297","Control","2021-09-05 08:30:00 SS/UYO/SB/088/FF",72,19.3194444444444,4.74661150862081,0.559393530900647,1.11539902095509
"298","Control","2021-09-05 08:30:00 SS/UYO/SB/092/FF",7,29.7857142857143,11.6112630050063,4.38864490265875,10.7386272227827
"299","Control","2021-09-05 08:30:00 SS/UYO/SB/094/FF",12,18.4166666666667,2.57464325272219,0.743235487513204,1.63585027847004
"300","Control","2021-09-06 09:00:00 SS/UYO/SB/039/FF",37,21.3783783783784,3.54613523079353,0.582981040790306,1.18234035151216
"301","Control","2021-09-06 09:00:00 SS/UYO/SB/085/FF",41,21.2926829268293,4.95097920839416,0.773213048007188,1.56272186279103
"302","Control","2021-09-06 09:00:00 SS/UYO/SB/086/FF",6,23,0,0,0
"303","Control","2021-09-06 09:00:00 SS/UYO/SB/091/FF",20,21.5,5.15547741420919,1.15279979546366,2.41283770182242
"304","Control","2021-09-06 09:00:00 SS/UYO/SB/092/FF",15,24.6666666666667,4.08248290463863,1.05409255338946,2.260803676343
"305","Control","2021-09-06 09:00:00 SS/UYO/SB/094/FF",10,22,3.16227766016838,1,2.2621571627982
"306","Control","2021-09-06 09:00:00 SS/UYO/SB/100/FF",5,26,9.08295106229247,4.06201920231798,11.2779733314952
"307","Control","2021-09-07 09:30:00 SS/UYO/SB/085/FF",25,22.2,4.25245027405769,0.850490054811538,1.75532520080447
"308","Control","2021-09-07 09:30:00 SS/UYO/SB/088/FF",26,23.6730769230769,7.26490510287961,1.42476511092242,2.93435867456255
"309","Control","2021-09-07 09:30:00 SS/UYO/SB/091/FF",26,23.1923076923077,5.38159255811312,1.05541713338556,2.17367227544392
"310","Control","2021-09-07 09:30:00 SS/UYO/SB/092/FF",3,21.3333333333333,2.88675134594813,1.66666666666667,7.17108788291577
"311","Control","2021-09-07 09:30:00 SS/UYO/SB/094/FF",10,23.5,4.37797517885457,1.38443731048635,3.13181477836177
"312","Control","2021-09-08 10:00:00 SS/UYO/SB/090/FF",10,22.5,2.83823106098773,0.897527467855751,2.03034819021802
"313","Control","2021-09-08 10:00:00 SS/UYO/SB/091/FF",23,22.7826086956522,3.52853976672724,0.735751401936217,1.52585501714815
"314","Control","2021-09-08 10:00:00 SS/UYO/SB/095/FF",16,25.1875,3.14576434802948,0.78644108700737,1.67625949751139
"315","Control","2021-09-09 10:30:00 SS/UYO/SB/039/FF",23,18.2173913043478,3.19027672979135,0.665218682992365,1.37957911092445
"316","Control","2021-09-09 10:30:00 SS/UYO/SB/085/FF",35,20.8571428571429,2.78802963465195,0.471263021607057,0.957721688105419
"317","Control","2021-09-09 10:30:00 SS/UYO/SB/091/FF",55,21.5454545454545,4.15807194376941,0.56067430652032,1.12408430456179
"318","Control","2021-09-09 10:30:00 SS/UYO/SB/092/FF",20,21.75,2.7505980211009,0.615052415395802,1.28731950014535
"319","Control","2021-09-09 10:30:00 SS/UYO/SB/099/FF",5,25,2.73861278752583,1.22474487139159,3.40043690329128
"320","Control","2021-09-09 10:30:00 SS/UYO/SB/100/FF",12,21.3333333333333,5.3654336998866,1.54886729547431,3.40903393229022
"321","Control","2021-09-10 11:00:00 SS/UYO/SB/071/FF",17,27.1176470588235,5.37217778164936,1.30294449607863,2.76211894182825
"322","Control","2021-09-10 11:00:00 SS/UYO/SB/085/FF",43,21.953488372093,5.40702139802231,0.824563032956203,1.6640355696294
"323","Control","2021-09-10 11:00:00 SS/UYO/SB/088/FF",18,19.9444444444444,3.03842494457093,0.716163627477488,1.51097317752962
"324","Control","2021-09-11 11:30:00 SS/UYO/SB/089/FF",17,22.7058823529412,2.77859465113106,0.673908190434682,1.42862154409109
"325","Control","2021-09-11 11:30:00 SS/UYO/SB/092/FF",5,19,2.23606797749979,1,2.77644510519779
"326","Control","2021-09-12 12:00:00 SS/UYO/SB/094/FF",7,22.2857142857143,1.88982236504614,0.714285714285714,1.74779417938926
"327","Control","2021-09-13 07:30:00 SS/UYO/SB/071/FF",21,23.4761904761905,4.71825229951777,1.02960706240189,2.14772269721712
"328","Control","2021-09-13 07:30:00 SS/UYO/SB/088/FF",25,19,7.63762615825973,1.52752523165195,3.15265712845697
"329","Control","2021-09-13 07:30:00 SS/UYO/SB/100/FF",17,26.2352941176471,4.98158373116304,1.20821152390845,2.56129401211372
"330","Control","2021-09-13 12:30:00 SS/UYO/SB/085/FF",28,23.8928571428571,3.34818121676791,0.632746774567539,1.29828914126215
"331","Control","2021-09-13 12:30:00 SS/UYO/SB/091/FF",35,25.5714285714286,4.75447599813131,0.803653123765058,1.63321964816757
"332","Control","2021-09-13 12:30:00 SS/UYO/SB/094/FF",7,23,2.88675134594813,1.09108945117996,2.66979970875151
"333","Control","2021-09-14 08:00:00 SS/UYO/SB/088/FF",54,18.9259259259259,4.95965554134046,0.674923632013956,1.35372537205738
"334","Control","2021-09-14 08:00:00 SS/UYO/SB/095/FF",22,24.3636363636364,6.01225300092953,1.28181664670934,2.66568364489916
"335","Control","2021-09-14 13:00:00 SS/UYO/SB/085/FF",24,20.5,3.29690236697894,0.672977377572707,1.39215977375563
"336","Control","2021-09-14 13:00:00 SS/UYO/SB/090/FF",15,19.6666666666667,2.43975018237133,0.629940788348712,1.35108861702676
"337","Control","2021-09-14 13:00:00 SS/UYO/SB/092/FF",21,23.7142857142857,2.39045721866879,0.521640530957301,1.08812308018929
"338","Control","2021-09-15 08:30:00 SS/UYO/SB/039/FF",20,19.25,2.7505980211009,0.615052415395802,1.28731950014535
"339","Control","2021-09-15 08:30:00 SS/UYO/SB/095/FF",21,26.0952380952381,4.86728632715153,1.0621289534855,2.21556217325349
"340","Control","2021-09-15 08:30:00 SS/UYO/SB/100/FF",3,24.6666666666667,2.88675134594813,1.66666666666667,7.17108788291577
"341","Control","2021-09-16 09:00:00 SS/UYO/SB/079/FF",7,23,2.88675134594813,1.09108945117996,2.66979970875151
"342","Control","2021-09-16 09:00:00 SS/UYO/SB/095/FF",16,25.5,5.47722557505166,1.36930639376292,2.91860749071806
"343","Control","2021-09-17 07:00:00 SS/UYO/SB/039/FF",18,19.6666666666667,3.42997170285018,0.808452083454443,1.70568479960399
"344","Control","2021-09-17 07:00:00 SS/UYO/SB/089/FF",25,20.8,3.8405728739343,0.768114574786861,1.58531056606812
"345","Control","2021-09-17 07:00:00 SS/UYO/SB/090/FF",14,22.2857142857143,3.85164443259822,1.02939527446127,2.22387328605705
"346","Control","2021-09-18 07:30:00 SS/UYO/SB/079/FF",3,23,0,0,0
"347","Control","2021-09-18 07:30:00 SS/UYO/SB/091/FF",23,22.5652173913043,4.98019794200009,1.0384430557644,2.15359908590175
"348","Control","2021-09-18 07:30:00 SS/UYO/SB/094/FF",10,20,2.58198889747161,0.816496580927726,1.8470435889459
"349","Control","2021-09-18 07:30:00 SS/UYO/SB/095/FF",30,24.1666666666667,3.86927181363834,0.706429151149547,1.4448098399977
"350","Control","2021-09-19 08:00:00 SS/UYO/SB/095/FF",33,23.1515151515152,1.97042527327878,0.343007012808235,0.698682421429741
"351","Control","2021-09-20 08:30:00 SS/UYO/SB/088/FF",17,22.4117647058824,4.96309912667241,1.20372834880477,2.55179010545409
"352","Control","2021-09-20 08:30:00 SS/UYO/SB/091/FF",62,22.1935483870968,4.06842584323256,0.516690598781393,1.03318670746843
"353","Control","2021-09-20 08:30:00 SS/UYO/SB/092/FF",2,23,0,0,0
"354","Control","2021-09-20 08:30:00 SS/UYO/SB/094/FF",4,26.75,2.5,1.25,3.97805788160463
"355","Control","2021-09-20 08:30:00 SS/UYO/SB/095/FF",23,24.0869565217391,3.35631079228181,0.699839178246078,1.45137762362863
"356","Control","2021-09-20 08:30:00 SS/UYO/SB/099/FF",20,23,3.62738125055006,0.811107105653813,1.69766668283493
"357","Control","2021-09-21 09:00:00 SS/UYO/SB/085/FF",19,20.8947368421053,5.08696304119227,1.16702935926755,2.45183770249357
"358","Control","2021-09-21 09:00:00 SS/UYO/SB/091/FF",45,22.6666666666667,5.97342600036346,0.890465773025158,1.7946158451069
"359","Control","2021-09-21 09:00:00 SS/UYO/SB/099/FF",6,27.1666666666667,5.84522597225006,2.38630351054606,6.13418845852487
"360","Control","2021-09-21 09:00:00 SS/UYO/SB/100/FF",15,29.3333333333333,6.11399643285408,1.57862709088103,3.38581836970803
"361","Control","2021-09-22 09:30:00 SS/UYO/SB/085/FF",25,22.2,3.73050488093323,0.746100976186646,1.53987673158089
"362","Control","2021-09-22 09:30:00 SS/UYO/SB/091/FF",38,24.1842105263158,4.71257812700537,0.764481120952558,1.54898588540212
"363","Control","2021-09-23 10:00:00 SS/UYO/SB/086/FF",5,21,2.73861278752583,1.22474487139159,3.40043690329128
"364","Control","2021-09-23 10:00:00 SS/UYO/SB/091/FF",28,21.5714285714286,3.56348322549899,0.673435029701474,1.38177454480829
"365","Control","2021-09-23 10:00:00 SS/UYO/SB/094/FF",3,24.6666666666667,7.63762615825973,4.40958551844098,18.9729151679838
"366","Control","2021-09-23 10:00:00 SS/UYO/SB/095/FF",9,18.5555555555556,5.2704627669473,1.75682092231577,4.05123631167335
"367","Control","2021-09-23 10:00:00 SS/UYO/SB/099/FF",22,21.4090909090909,3.58115558509754,0.763504936123691,1.58779543568075
"368","Control","2021-09-24 10:30:00 SS/UYO/SB/091/FF",49,22.7959183673469,4.44400153688812,0.634857362412588,1.27646627900039
"369","Control","2021-09-25 11:00:00 SS/UYO/SB/071/FF",7,21.5714285714286,4.75594865605671,1.79757962744542,4.39851889377295
"370","Control","2021-09-25 11:00:00 SS/UYO/SB/088/FF",25,23.8,7.02376916856849,1.4047538337137,2.89926941684316
"371","Control","2021-09-25 11:00:00 SS/UYO/SB/091/FF",54,23.8333333333333,3.97515871286328,0.540950582949654,1.08500946541614
"372","Control","2021-09-25 11:00:00 SS/UYO/SB/092/FF",6,29.6666666666667,9.30949336251263,3.80058475033046,9.76971412399586
"373","Control","2021-09-25 11:00:00 SS/UYO/SB/099/FF",25,22.2,3.43996124009172,0.687992248018343,1.41994621109629
"374","Control","2021-09-27 12:00:00 SS/UYO/SB/039/FF",7,23,5,1.88982236504614,4.6242287415902
"375","Control","2021-09-27 12:00:00 SS/UYO/SB/085/FF",34,20.5,2.53759609461276,0.435194139889245,0.885409134964975
"376","Control","2021-09-27 12:00:00 SS/UYO/SB/091/FF",62,22.9193548387097,5.9016485251706,0.749510112207153,1.49873809756163
"377","Control","2021-09-28 12:30:00 SS/UYO/SB/039/FF",10,22,3.16227766016838,1,2.2621571627982
"378","Control","2021-09-28 12:30:00 SS/UYO/SB/093/FF",18,25.2222222222222,2.55654996282457,0.602584605051823,1.27134238670087
"379","Control","2021-09-28 12:30:00 SS/UYO/SB/100/FF",7,19.4285714285714,2.43975018237133,0.922138891954147,2.25639258312429
"380","Control","2021-09-29 13:00:00 SS/UYO/SB/039/FF",15,20.3333333333333,3.71611676478603,0.959497222838566,2.05791687063826
"381","Control","2021-09-29 13:00:00 SS/UYO/SB/095/FF",24,22.7916666666667,3.45126525843175,0.704486570846042,1.45734150621868
"382","Control","2021-09-29 13:00:00 SS/UYO/SB/099/FF",10,25,2.58198889747161,0.816496580927726,1.8470435889459
"383","Control","2021-09-29 13:00:00 SS/UYO/SB/100/FF",19,25.6315789473684,7.1430659952758,1.63873172739205,3.44284760412023
"384","Control","2021-09-30 07:00:00 SS/UYO/SB/071/FF",37,22.0540540540541,3.08171981156578,0.50663161618027,1.02749654148224
"385","Control","2021-10-01 07:00:00 SS/UYO/SB/039/FF",21,21.8095238095238,3.84212242932273,0.838419850555191,1.74891316172024
"386","Control","2021-10-01 07:00:00 SS/UYO/SB/086/FF",19,23.5263157894737,2.835654364078,0.650543726938216,1.36674165406505
"387","Control","2021-10-01 07:00:00 SS/UYO/SB/094/FF",9,27.4444444444444,11.8438920029599,3.94796400098664,9.10402131191237
"388","Control","2021-10-01 07:00:00 SS/UYO/SB/100/FF",19,24.0526315789474,5.42088230016855,1.24363569111911,2.61278163350253
"389","Control","2021-10-02 07:30:00 SS/UYO/SB/085/FF",8,26.75,2.31455024943138,0.818317088384971,1.9350124326879
"390","Control","2021-10-02 07:30:00 SS/UYO/SB/090/FF",14,25.1428571428571,4.68807230938495,1.25294002758147,2.70681236401463
"391","Control","2021-10-02 07:30:00 SS/UYO/SB/091/FF",57,21.3333333333333,2.88675134594813,0.382359556450936,0.765958232723127
"392","Control","2021-10-02 07:30:00 SS/UYO/SB/095/FF",9,22.4444444444444,3.00462606288666,1.00154202096222,2.30956004191962
"393","Control","2021-11-01 12:05:00 SS/MAY/SB/065/FF",11,26.6363636363636,5.04524979109513,1.52120004824377,3.38944492913535
"394","Control","2021-11-01 12:35:00 SS/MAY/SB/077/FF",33,27.8484848484848,5.65752381856018,0.984848484848485,2.00607071704404
"395","Control","2021-11-01 12:37:00 SS/MAY/SB/033/FF",52,29.7307692307692,6.85169332044759,0.950158907331842,1.90752360158043
"396","Control","2021-11-01 12:40:00 SS/MAY/SB/001/FF",13,29.9230769230769,5.96463939202724,1.65429332058512,3.60439551092366
"397","Control","2021-11-01 12:40:00 SS/MAY/SB/034/FF",26,29.3461538461538,7.28803022876446,1.42930032123554,2.94369911504727
"398","Control","2021-11-01 13:00:00 SS/MAY/SB/042/FF",13,29.5384615384615,5.54700196225229,1.53846153846154,3.35201973794958
"399","Control","2021-11-01 14:00:00 SS/MAY/SB/033/FF",52,29.7307692307692,6.85169332044759,0.950158907331842,1.90752360158043
"400","Control","2021-11-01 14:00:00 SS/UYO/SB/039/FF",17,28,3.95284707521047,0.958706236059213,2.03236643021839
"401","Control","2021-11-01 14:00:00 SS/UYO/SB/088/FF",16,22.0625,4.90535421758715,1.22633855439679,2.61387875447146
"402","Control","2021-11-03 07:30:00 SS/UYO/SB/086/FF",19,22.7368421052632,5.39384531215551,1.23743298067245,2.5997502224159
"403","Control","2021-11-03 07:30:00 SS/UYO/SB/088/FF",2,20.5,3.53553390593274,2.5,31.7655118404367
"404","Control","2021-11-03 07:30:00 SS/UYO/SB/089/FF",44,23.5681818181818,3.44658730619095,0.519592586447143,1.04785831586456
"405","Control","2021-11-03 07:30:00 SS/UYO/SB/091/FF",63,26.2539682539683,5.24855818594345,0.661256176269461,1.32183226182505
"406","Control","2021-11-03 07:30:00 SS/UYO/SB/094/FF",20,24,2.61574181890298,0.584897651865602,1.22420485472164
"407","Control","2021-11-03 07:30:00 SS/UYO/SB/099/FF",25,24.8,5.18009008930668,1.03601801786134,2.13823609688473
"408","Control","2021-11-03 14:00:00 SS/MAY/SB/027/FF",18,23.2777777777778,6.29477426176157,1.48369252217672,3.13031759600324
"409","Control","2021-11-03 14:45:00 SS/MAY/SB/033/FF",9,29.1111111111111,5.464532103585,1.821510701195,4.20041120927431
"410","Control","2021-11-05 08:30:00 SS/UYO/SB/085/FF",78,21.4615384615385,3.71969942820167,0.421173023647354,0.838662634556809
"411","Control","2021-11-05 08:30:00 SS/UYO/SB/090/FF",47,21.4042553191489,2.57630991981947,0.375793424550409,0.756432930380379
"412","Control","2021-11-05 08:30:00 SS/UYO/SB/091/FF",40,25.625,5.18720071734758,0.820168447363883,1.65894727138357
"413","Control","2021-11-05 12:35:00 SS/MAY/SB/077/FF",14,25.1428571428571,5.44704779401922,1.45578475818591,3.1450317621411
"414","Control","2021-11-05 13:15:00 SS/MAY/SB/001/FF",21,21.0952380952381,7.822434160188,1.70699507894618,3.56072933934445
"415","Control","2021-11-08 10:00:00 SS/UYO/SB/085/FF",34,22.2647058823529,4.62738111370562,0.793589313915681,1.61456959905378
"416","Control","2021-11-08 10:00:00 SS/UYO/SB/090/FF",59,23.0847457627119,3.77052148407023,0.490880085840903,0.98260325044645
"417","Control","2021-11-08 10:00:00 SS/UYO/SB/091/FF",75,21.3333333333333,6.05901903873158,0.699635254607349,1.39405367556713
"418","Control","2021-11-08 10:00:00 SS/UYO/SB/092/FF",48,22.5833333333333,4.92856775765982,0.711377480401052,1.4311068978778
"419","Control","2021-11-08 10:00:00 SS/UYO/SB/094/FF",8,31.75,6.94365074829414,2.45495126515491,5.8050372980637
"420","Control","2021-11-08 10:00:00 SS/UYO/SB/095/FF",20,27.25,4.94043467084042,1.1047147762396,2.31219459992977
"421","Control","2021-11-10 11:30:00 SS/UYO/SB/039/FF",41,24.5853658536585,5.74880687515287,0.897812796063705,1.81454734722642
"422","Control","2021-11-10 11:30:00 SS/UYO/SB/086/FF",22,24.5909090909091,3.89943940914944,0.831363275415958,1.72891457755318
"423","Control","2021-11-10 11:30:00 SS/UYO/SB/089/FF",97,23,3.81881307912987,0.387741721525662,0.769661234151148
"424","Control","2021-11-10 11:30:00 SS/UYO/SB/099/FF",49,23.3061224489796,4.72230558816636,0.674615084023765,1.35640453595577
"425","Control","2021-11-12 12:30:00 SS/UYO/SB/091/FF",41,25.8048780487805,4.87964912773,0.762073160974049,1.54020731125756
"426","Control","2021-11-12 12:30:00 SS/UYO/SB/094/FF",21,21.3333333333333,2.88675134594813,0.629940788348712,1.31403345843726
"427","Control","2021-11-12 12:30:00 SS/UYO/SB/099/FF",31,23.4838709677419,3.94859441440399,0.709188492380264,1.44835612431401
"428","Control","2021-11-13 12:30:00 SS/MAY/SB/033/FF",56,30.5,5.30865502569325,0.709398867525705,1.42166709973612
"429","Control","2021-11-13 12:42:00 SS/MAY/SB/033/FF",56,30.5,5.30865502569325,0.709398867525705,1.42166709973612
"430","Control","2021-11-13 13:36:00 SS/MAY/SB/036/FF",48,28.9375,4.08112547055135,0.589059722254865,1.18503530826652
"431","Control","2021-11-15 07:30:00 SS/UYO/SB/071/FF",12,27.1666666666667,4.17423554968361,1.20499800913537,2.65218273604692
"432","Control","2021-11-16 12:35:00 SS/MAY/SB/001/FF",33,28.6060606060606,8.54743892175967,1.48791813192442,3.03079005525572
"433","Control","2021-11-16 12:35:00 SS/MAY/SB/045/FF",33,28.6060606060606,8.54743892175967,1.48791813192442,3.03079005525572
"434","Control","2021-11-17 08:30:00 SS/UYO/SB/085/FF",36,25.5,3.27326835353989,0.545544725589981,1.10751467263538
"435","Control","2021-11-17 08:30:00 SS/UYO/SB/094/FF",12,26.75,4.33012701892219,1.25,2.75123145011455
"436","Control","2021-11-19 09:30:00 SS/UYO/SB/071/FF",12,18.8333333333333,2.88675134594813,0.833333333333333,1.83415430007637
"437","Control","2021-11-19 09:30:00 SS/UYO/SB/089/FF",33,20.5757575757576,6.01056519300755,1.04630509976766,2.1312537451491
"438","Control","2021-11-19 09:30:00 SS/UYO/SB/093/FF",6,23.8333333333333,4.91596040125088,2.00693242979872,5.15898404939003
"439","Control","2021-11-19 09:30:00 SS/UYO/SB/099/FF",18,23.5555555555556,3.38199770797262,0.797144504421599,1.68182789321291
"440","Control","2021-11-22 10:30:00 SS/UYO/SB/085/FF",55,23.7272727272727,1.77903995598277,0.239885698728039,0.480941868912365
"441","Control","2021-11-22 10:30:00 SS/UYO/SB/091/FF",66,25.8030303030303,4.97136321489913,0.611932510321743,1.22211361374103
"442","Control","2021-11-22 10:30:00 SS/UYO/SB/095/FF",21,22.2857142857143,4.26781978465419,0.931314629314664,1.94268827465435
"443","Control","2021-11-22 10:30:00 SS/UYO/SB/099/FF",34,22.8529411764706,3.98582604602386,0.683563527517253,1.39072045351228
"444","Control","2021-11-22 10:30:00 SS/UYO/SB/100/FF",31,22.5161290322581,3.73158561241675,0.670212560956878,1.36875665310935
"445","Control","2021-11-24 11:30:00 SS/UYO/SB/039/FF",11,27.0909090909091,3.01511344577764,0.909090909090909,2.02558077453298
"446","Control","2021-11-24 11:30:00 SS/UYO/SB/071/FF",16,19.5625,2.39356776939085,0.598391942347711,1.27544223358366
"447","Control","2021-11-24 11:30:00 SS/UYO/SB/085/FF",35,22,4.97050121747708,0.840168050416806,1.70742690736373
"448","Control","2021-11-24 11:30:00 SS/UYO/SB/091/FF",38,24.3157894736842,2.23129174995107,0.361963318634409,0.733407348110043
"449","Control","2021-11-24 11:30:00 SS/UYO/SB/099/FF",33,23.4545454545455,4.39524536495766,0.765114010481976,1.55848623949922
"450","Control","2021-11-24 11:30:00 SS/UYO/SB/100/FF",52,22.9038461538462,3.63673854847787,0.504324896615132,1.01247447741075
"451","Control","2021-11-26 12:30:00 SS/UYO/SB/089/FF",24,22.7916666666667,4.03225222065963,0.823080037901704,1.70267078438936
"452","Control","2021-11-26 12:30:00 SS/UYO/SB/090/FF",27,25.037037037037,3.73632358878537,0.719055809921593,1.47804038532103
"453","Control","2021-11-26 12:30:00 SS/UYO/SB/091/FF",72,23.9722222222222,3.99285355343989,0.470562303987024,0.938274585193084
"454","Control","2021-11-26 12:30:00 SS/UYO/SB/095/FF",26,24.9230769230769,4.70678724331642,0.923076923076923,1.90111251023381
"455","Control","2021-11-26 12:30:00 SS/UYO/SB/100/FF",41,24.5853658536585,4.66891641473746,0.729162240433012,1.47369185967975
"456","Control","2021-11-29 07:00:00 SS/UYO/SB/039/FF",21,22.2857142857143,4.551294949164,0.993173981648296,2.07172462249384
"457","Control","2021-11-29 07:00:00 SS/UYO/SB/089/FF",35,18.7142857142857,1.77517900624182,0.300060018006002,0.609795324058473
"458","Control","2021-11-29 07:00:00 SS/UYO/SB/090/FF",46,23.3260869565217,3.71216826621787,0.547329350747295,1.10237790017408
"459","Control","2021-11-29 07:00:00 SS/UYO/SB/091/FF",34,23.5882352941176,3.42997170285018,0.588235294117647,1.19677370438196
"460","Control","2021-11-29 07:00:00 SS/UYO/SB/094/FF",29,23.3448275862069,2.28779154377825,0.424832224400501,0.870229362526746
"461","Control","2021-11-29 07:00:00 SS/UYO/SB/095/FF",21,21.0952380952381,4.60331143748456,1.00452490998709,2.09540224410111
"462","Control","2021-11-29 07:00:00 SS/UYO/SB/100/FF",69,23.8695652173913,4.61427785274162,0.555493775677071,1.10847057096625
"463","Control","2021-11-29 12:45:00 SS/MAY/SB/074/FF",49,29.530612244898,6.225291294444,0.889327327777714,1.78811243613495
"464","Control","2021-11-29 13:15:00 SS/MAY/SB/010/FF",33,28.7575757575758,4.69727516113267,0.817690649428898,1.66558134845727
"465","Control","2021-12-02 12:40:00 SS/MAY/SB/036/FF",17,28.2941176470588,5.14495755427526,1.24783549621155,2.64529308097526
"466","Control","2021-12-02 13:47:00 SS/MAY/SB/042/FF",82,17.9390243902439,5.7998458067533,0.640485823438566,1.27436588326375
"467","Control","2021-12-02 14:32:00 SS/MAY/SB/064/FF",52,21.6538461538462,6.57650188731871,0.911996721842819,1.83090981735289
"468","Control","2022-02-01 08:30:00 SS/UYO/SB/085/FF",21,21.0952380952381,5.35634914755155,1.16885121034606,2.43818090007434
"469","Control","2022-02-01 08:30:00 SS/UYO/SB/086/FF",25,22.6,4.06201920231798,0.812403840463596,1.6767191177939
"470","Control","2022-02-01 08:30:00 SS/UYO/SB/088/FF",9,20.2222222222222,2.63523138347365,0.878410461157883,2.02561815583668
"471","Control","2022-02-01 08:30:00 SS/UYO/SB/091/FF",42,19.6666666666667,4.22920546459836,0.652580570865512,1.31791319937692
"472","Control","2022-02-01 08:30:00 SS/UYO/SB/093/FF",17,26.2352941176471,3.5094410481711,0.85116447814634,1.80438808773132
"473","Control","2022-02-01 08:30:00 SS/UYO/SB/094/FF",26,21.8461538461538,3.55181427095852,0.696568087549032,1.43460883092487
"474","Control","2022-02-01 12:09:00 SS/MAY/SB/033/FF",47,32.468085106383,3.33526000439955,0.486497672185008,0.979269023225749
"475","Control","2022-02-01 12:29:00 SS/MAY/SB/036/FF",55,29.4545454545455,4.04519917477945,0.545454545454545,1.09357052082985
"476","Control","2022-02-01 12:38:00 SS/MAY/SB/013/FF",67,30.089552238806,4.18775756614872,0.511616014955302,1.02147433162593
"477","Control","2022-02-01 12:40:00 SS/MAY/SB/076/FF",53,28.9433962264151,3.54322264405867,0.486699060583664,0.976633114946734
"478","Control","2022-02-01 12:41:00 SS/MAY/SB/014/FF",60,31.3333333333333,3.6437393098563,0.470404722166492,0.941277674886047
"479","Control","2022-02-01 12:42:00 SS/MAY/SB/019/FF",37,30.027027027027,4.92435267311849,0.809558592595109,1.64186092508432
"480","Control","2022-02-01 12:44:00 SS/MAY/SB/068/FF",45,31.4444444444444,3.34090050160375,0.498032041843275,1.00371762816496
"481","Control","2022-02-01 12:48:00 SS/MAY/SB/004/FF",44,31.1818181818182,3.90153653257413,0.588178762927846,1.18617552294806
"482","Control","2022-02-01 13:15:00 SS/MAY/SB/033/FF",51,28.1960784313725,4.79174126114145,0.670977985579164,1.34769894695404
"483","Control","2022-02-01 13:15:00 SS/MAY/SB/034/FF",61,30.5409836065574,4.43686740276592,0.56808265892612,1.13633450537399
"484","Control","2022-02-01 13:15:00 SS/MAY/SB/066/FF",24,28.625,6.64511916338994,1.3564292691913,2.80598773070773
"485","Control","2022-02-02 09:00:00 SS/UYO/SB/085/FF",45,25,5.78005976691339,0.861640436855329,1.73652219726779
"486","Control","2022-02-02 09:00:00 SS/UYO/SB/088/FF",21,21.5714285714286,2.80305955290694,0.611677741841197,1.27593741098686
"487","Control","2022-02-02 09:00:00 SS/UYO/SB/092/FF",20,23.5,4.55954753064496,1.01954582251634,2.13393393109821
"488","Control","2022-02-02 09:00:00 SS/UYO/SB/100/FF",107,21.6448598130841,4.09613793355745,0.395988600453409,0.78508591494928
"489","Control","2022-02-03 12:25:00 SS/MAY/SB/001/FF",54,29.4814814814815,6.4156081514133,0.873053686700168,1.75112393579636
"490","Control","2022-02-03 12:29:00 SS/MAY/SB/019/FF",21,33.9523809523809,3.74801534783664,0.817884001777032,1.70607613181042
"491","Control","2022-02-03 12:41:00 SS/MAY/SB/004/FF",85,28.0588235294118,5.26071003078588,0.570604117714789,1.13470886450377
"492","Control","2022-02-05 12:18:00 SS/MAY/SB/068/FF",35,30,3.01954418063779,0.510396122321352,1.03724971716462
"493","Control","2022-02-05 12:39:00 SS/MAY/SB/014/FF",51,30.156862745098,5.02542555021804,0.703700331173583,1.41342371236702
"494","Control","2022-02-05 12:45:00 SS/MAY/SB/011/FF",54,30.4074074074074,3.85353803871107,0.524400105513754,1.05181341157848
"495","Control","2022-02-05 12:50:00 SS/MAY/SB/066/FF",40,31.375,3.46918670732153,0.548526581175799,1.1094997351431
"496","Control","2022-02-05 13:15:00 SS/MAY/SB/045/FF",48,30.6041666666667,2.52426170654324,0.36434579394445,0.732969194685088
"497","Control","2022-02-07 12:18:00 SS/MAY/SB/018/FF",51,30.843137254902,3.35483262783471,0.469770531400429,0.943561881440748
"498","Control","2022-02-07 12:40:00 SS/MAY/SB/006/FF",49,29.9387755102041,3.03045763365663,0.432922519093805,0.870449064248244
"499","Control","2022-02-07 12:40:00 SS/MAY/SB/019/FF",47,31.7234042553191,3.37318149178239,0.492029089619693,0.990403189035813
"500","Control","2022-02-07 12:49:00 SS/MAY/SB/033/FF",66,29.6666666666667,4.23659272868162,0.52148851564562,1.04148448338694
"501","Control","2022-02-07 12:49:00 SS/MAY/SB/068/FF",34,30.3529411764706,3.53238140070849,0.60579841240522,1.23250613720894
"502","Control","2022-02-07 13:00:00 SS/MAY/SB/039/FF",17,24.7647058823529,3.5094410481711,0.85116447814634,1.80438808773132
"503","Control","2022-02-07 13:00:00 SS/UYO/SB/085/FF",45,21.8888888888889,2.35702260395516,0.351364184463153,0.708127984187916
"504","Control","2022-02-07 13:00:00 SS/UYO/SB/086/FF",24,22.7916666666667,1.02062072615966,0.208333333333333,0.430970335503968
"505","Control","2022-02-07 13:00:00 SS/UYO/SB/091/FF",46,23.3260869565217,4.52182041918757,0.666706047986172,1.34281491063631
"506","Control","2022-02-07 13:00:00 SS/UYO/SB/099/FF",18,21.6111111111111,3.75951950761059,0.886127245944853,1.86956506743699
"507","Control","2022-02-07 13:00:00 SS/UYO/SB/100/FF",39,24.4102564102564,3.43141791099423,0.549466615021216,1.11233700871341
"508","Control","2022-02-07 13:15:00 SS/MAY/SB/066/FF",53,30.9245283018868,3.16743682229371,0.435080908182107,0.873053714346963
"509","Control","2022-02-09 10:00:00 SS/MAY/SB/039/FF",23,19.304347826087,2.2448887927244,0.468091671238222,0.970762710291134
"510","Control","2022-02-09 10:00:00 SS/UYO/SB/085/FF",56,21.9285714285714,3.530939318019,0.471841613625583,0.945591724325082
"511","Control","2022-02-09 10:00:00 SS/UYO/SB/088/FF",24,23.4166666666667,4.40273301155254,0.89870411266757,1.85911110218467
"512","Control","2022-02-09 10:00:00 SS/UYO/SB/093/FF",22,27.3181818181818,6.03471199956957,1.28660492130803,2.67564140704695
"513","Control","2022-02-09 10:00:00 SS/UYO/SB/100/FF",67,22.3283582089552,3.68201221214002,0.449829386070277,0.898113346827077
"514","Control","2022-02-09 12:46:00 SS/MAY/SB/001/FF",37,29.0810810810811,4.27121098088625,0.70218275982522,1.42409264279343
"515","Control","2022-02-09 12:46:00 SS/MAY/SB/014/FF",19,29.8421052631579,4.1534879304392,0.952875481684229,2.00191710107569
"516","Control","2022-02-09 12:48:00 SS/MAY/SB/068/FF",9,30.2222222222222,2.63523138347365,0.878410461157883,2.02561815583668
"517","Control","2022-02-09 12:49:00 SS/MAY/SB/019/FF",15,31.3333333333333,2.43975018237133,0.629940788348712,1.35108861702676
"518","Control","2022-02-09 13:15:00 SS/MAY/SB/066/FF",27,31.3333333333333,5.71771874896866,1.10037548628921,2.26185420562843
"519","Control","2022-02-09 13:37:00 SS/MAY/SB/070/FF",42,21.6904761904762,3.67249563076062,0.56667837854751,1.14443020253998
"520","Control","2022-02-09 13:39:00 SS/MAY/SB/003/FF",42,31.8095238095238,5.03760538950749,0.777319387388094,1.56982834994865
"521","Control","2022-02-11 11:00:00 SS/UYO/SB/088/FF",23,20.3913043478261,2.55376959227625,0.532497770170256,1.10433278427504
"522","Control","2022-02-11 11:00:00 SS/UYO/SB/089/FF",85,21.5882352941176,5.15311768240737,0.558934089019022,1.11150173262549
"523","Control","2022-02-11 12:15:00 SS/MAY/SB/014/FF",27,29.4814814814815,4.34449581362946,0.836098609164056,1.71862530474508
"524","Control","2022-02-11 12:30:00 SS/MAY/SB/019/FF",28,29.0714285714286,4.3794856067687,0.827644984706913,1.6981872364335
"525","Control","2022-02-11 12:32:00 SS/MAY/SB/027/FF",55,20.1818181818182,4.78845412730381,0.645675022807955,1.29450048012802
"526","Control","2022-02-11 12:37:00 SS/MAY/SB/035/FF",43,25.093023255814,5.4807626923561,0.835808474916582,1.68672979028974
"527","Control","2022-02-11 12:45:00 SS/MAY/SB/066/FF",18,31.8888888888889,4.04226041727222,0.952769917458382,2.01016881394466
"528","Control","2022-02-11 12:47:00 SS/MAY/SB/077/FF",10,26.5,4.11636301174282,1.30170827931778,2.94466870793243
"529","Control","2022-02-11 12:49:00 SS/MAY/SB/033/FF",46,24.195652173913,5.79125611098276,0.8538741295973,1.71979077809961
"530","Control","2022-02-13 12:16:00 SS/MAY/SB/014/FF",10,27.5,3.68932393686311,1.16666666666667,2.63918335659791
"531","Control","2022-02-13 12:22:00 SS/MAY/SB/033/FF",73,31.3561643835616,6.40392644965593,0.749522898227373,1.49414658999508
"532","Control","2022-02-13 12:39:00 SS/MAY/SB/019/FF",22,28.4545454545455,4.60566186471838,0.981930408849676,2.0420360728029
"533","Control","2022-02-13 12:40:00 SS/MAY/SB/076/FF",58,30.9310344827586,3.38138385957697,0.443997452730492,0.889089563106003
"534","Control","2022-02-13 12:53:00 SS/MAY/SB/035/FF",30,19.6666666666667,6.47719252365604,1.18256815150341,2.41862343729685
"535","Control","2022-02-13 13:40:00 SS/MAY/SB/033/FF",73,31.3561643835616,6.40392644965593,0.749522898227373,1.49414658999508
"536","Control","2022-02-13 13:50:00 SS/MAY/SB/066/FF",45,30.8888888888889,4.70600304360979,0.701529513855494,1.41383983473966
"537","Control","2022-02-13 13:53:00 SS/MAY/SB/043/FF",54,21.2407407407407,3.6545922787596,0.497327016715346,0.997511672140188
"538","Control","2022-02-14 13:00:00 SS/UYO/SB/089/FF",52,23.2884615384615,3.03790780986468,0.421282014561523,0.845758935159674
"539","Control","2022-02-15 12:46:00 SS/MAY/SB/036/FF",25,32.8,7.7028133388609,1.54056266777218,3.17956507411283
"540","Control","2022-02-15 12:49:00 SS/MAY/SB/045/FF",66,30.7272727272727,5.48997815477076,0.675769596514699,1.34960507853827
"541","Control","2022-02-15 15:12:00 SS/MAY/SB/066/FF",35,31.2857142857143,4.0115379812224,0.678073678567032,1.37801151018072
"542","Control","2022-02-16 12:43:00 SS/MAY/SB/027/FF",61,19.7213114754098,7.12304042653366,0.912011871849254,1.82429536091121
"543","Control","2022-02-17 12:11:00 SS/MAY/SB/077/FF",43,31.2558139534884,5.10412075939307,0.778371118612412,1.57081651247403
"544","Control","2022-02-17 12:30:00 SS/MAY/SB/034/FF",33,30.1212121212121,5.00473260872631,0.871212121212121,1.77460101892357
"545","Control","2022-02-17 12:38:00 SS/MAY/SB/072/FF",39,33.1282051282051,6.63792725725468,1.06291903679666,2.15176709480208
"546","Control","2022-02-17 12:47:00 SS/MAY/SB/011/FF",33,32.3939393939394,4.96197663448873,0.863769261438741,1.75944040968048
"547","Control","2022-02-17 12:47:00 SS/MAY/SB/031/FF",33,32.3939393939394,4.96197663448873,0.863769261438741,1.75944040968048
"548","Control","2022-02-17 13:38:00 SS/MAY/SB/006/FF",39,33.1282051282051,6.63792725725468,1.06291903679666,2.15176709480208
"549","Control","2022-02-17 13:44:00 SS/MAY/SB/066/FF",14,33,3.39683110243379,0.907841299003204,1.96127188740899
"550","Control","2022-02-17 13:44:00 SS/MAY/SB/068/FF",38,30.6315789473684,3.80910043031074,0.617917685034807,1.25202015618992
"551","Control","2022-02-17 13:48:00 SS/MAY/SB/033/FF",13,31.0769230769231,2.53184841770917,0.702208407057905,1.52998068639795
"552","Control","2022-03-07 00:05:00 SS/UYO/SB/090/FF",31,20.741935483871,2.52939705510337,0.454293122027475,0.92779033020381
"553","Control","2022-03-07 00:05:00 SS/UYO/SB/100/FF",20,26.5,2.35081172990814,0.525657483037847,1.10021375637794
"554","Control","2022-03-28 00:05:00 SS/UYO/SB/090/FF",23,20.3913043478261,3.95128437616731,0.823899746469401,1.70866349485584
"555","Control","2022-03-28 00:05:00 SS/UYO/SB/091/FF",48,22.7916666666667,3.25483818817552,0.469795426027952,0.945106491705366
"556","Control","2022-03-28 00:05:00 SS/UYO/SB/094/FF",20,21.5,3.28473342665893,0.734488722997519,1.53730256492545
"557","Control","2022-03-28 00:05:00 SS/UYO/SB/100/FF",51,22.9019607843137,4.30002279975716,0.602123628736631,1.20940090111014
"558","Control","2022-04-04 05:30:00 SS/UYO/SB/089/FF",23,24.0869565217391,4.25241154553145,0.88668910174603,1.8388806477151
"559","Control","2022-04-04 15:30:00 SS/UYO/SB/095/FF",6,26.3333333333333,6.05530070819498,2.47206616236522,6.35464837346721
"560","Control","2022-04-07 12:52:00 SS/MAY/SB/002/FF",30,31.6666666666667,2.24888222554402,0.410587841367626,0.83974642386435
"561","Control","2022-04-11 12:17:00 SS/MAY/SB/033/FF",43,27.6511627906977,3.68319039324174,0.561681269232149,1.13351869225324
"562","Control","2022-04-11 12:37:00 SS/MAY/SB/026/FF",33,29.8181818181818,3.26395604916933,0.568181818181818,1.15734849060233
"563","Control","2022-04-18 11:00:00 SS/UYO/SB/085/FF",18,24.1111111111111,2.13896315973249,0.504158451651683,1.06368135499105
"564","Control","2022-04-18 11:00:00 SS/UYO/SB/088/FF",22,21.1818181818182,2.46182981958665,0.524863881081478,1.09151419369454
"565","Control","2022-04-18 11:00:00 SS/UYO/SB/091/FF",59,23.4237288135593,1.40446811420218,0.182846174295274,0.366006383995916
"566","Control","2022-04-18 11:00:00 SS/UYO/SB/099/FF",42,23.3571428571429,1.30330590107503,0.20110446656124,0.406138709559182
"567","Control","2022-04-18 12:43:00 SS/MAY/SB/043/FF",38,29.0526315789474,4.21674505200047,0.684046374881627,1.38600960914754
"568","Control","2022-04-18 12:50:00 SS/MAY/SB/042/FF",39,31.2051282051282,4.36601400279529,0.699121761754769,1.41529801436021
"569","Control","2022-04-19 11:30:00 SS/MAY/SB/039/FF",9,20.7777777777778,2.63523138347365,0.878410461157883,2.02561815583668
"570","Control","2022-04-19 11:30:00 SS/UYO/SB/085/FF",35,24.1428571428571,2.73477450562906,0.462261261831095,0.939427911226522
"571","Control","2022-04-19 11:30:00 SS/UYO/SB/091/FF",114,22.780701754386,3.41718398770649,0.320048603845005,0.634074007995807
"572","Control","2022-04-19 13:00:00 SS/UYO/SB/091/FF",114,22.780701754386,3.41718398770649,0.320048603845005,0.634074007995807
"573","Control","2022-04-20 00:05:00 SS/UYO/SB/071/FF",22,23,3.08606699924184,0.657951694959769,1.36828545400038
"574","Control","2022-04-20 00:05:00 SS/UYO/SB/085/FF",32,20.34375,2.83536849741423,0.501227072921079,1.02225935492045
"575","Control","2022-04-20 00:05:00 SS/UYO/SB/088/FF",29,21.9655172413793,2.79646152205514,0.519289868037143,1.06371707434919
"576","Control","2022-04-20 00:05:00 SS/UYO/SB/091/FF",50,22.1,3.59846906223143,0.508900375158768,1.02267359208484
"577","Control","2022-04-20 00:05:00 SS/UYO/SB/100/FF",71,23.8450704225352,4.05197619272354,0.480881102496246,0.959087117167957
"578","Control","2022-04-25 07:00:00 SS/UYO/SB/039/FF",19,20.8947368421053,3.46241304491062,0.794332029661177,1.66882966838456
"579","Control","2022-04-25 07:00:00 SS/UYO/SB/086/FF",35,22.1428571428571,1.91192630215549,0.323174529798814,0.656769663734974
"580","Control","2022-04-25 07:00:00 SS/UYO/SB/090/FF",18,22.1666666666667,3.09173471200421,0.728728860162672,1.53748350118792
"581","Control","2022-04-25 07:00:00 SS/UYO/SB/100/FF",35,26.1428571428571,2.99158483615838,0.505670130532114,1.02764534629986
"582","Control","2022-04-26 07:30:00 SS/UYO/SB/039/FF",18,20.2222222222222,2.55654996282457,0.602584605051823,1.27134238670087
"583","Control","2022-04-26 07:30:00 SS/UYO/SB/088/FF",22,23.6818181818182,2.33781264548038,0.498423330721621,1.03652805910397
"584","Control","2022-04-26 07:30:00 SS/UYO/SB/089/FF",32,23.15625,2.37064541368366,0.419074861951125,0.854708815996039
"585","Control","2022-04-26 07:30:00 SS/UYO/SB/091/FF",48,24.25,3.92753509403718,0.566890860948517,1.14043731183328
"586","Control","2022-04-26 07:30:00 SS/UYO/SB/095/FF",26,21.6538461538462,3.33397429734913,0.653846153846154,1.34662136141562
"587","Control","2022-04-26 07:30:00 SS/UYO/SB/100/FF",4,23,5.77350269189626,2.88675134594813,9.18693115518539
"588","Control","2022-04-27 08:00:00 SS/UYO/SB/039/FF",36,21.75,2.77102353446726,0.461837255744543,0.937579474448379
"589","Control","2022-04-27 08:00:00 SS/UYO/SB/085/FF",18,24.3888888888889,2.30444299481238,0.543162422829891,1.14597254098019
"590","Control","2022-04-27 08:00:00 SS/UYO/SB/090/FF",40,23.5,3.88949934158693,0.614983843856998,1.24392223693885
"591","Control","2022-04-27 08:00:00 SS/UYO/SB/094/FF",13,21.4615384615385,3.15212585978058,0.874242416473452,1.90481059325164
"592","Experimental","2021-08-13 12:13:00 SS/MAY/SB/026/FF",4,31.75,2.5,1.25,3.97805788160463
"593","Experimental","2021-08-13 12:18:00 SS/MAY/SB/043/FF",5,36,2.73861278752583,1.22474487139159,3.40043690329128
"594","Experimental","2021-08-13 12:30:00 SS/MAY/SB/001/FF",8,29.875,6.5123509031466,2.30246374254065,5.4444616040247
"595","Experimental","2021-08-13 12:44:00 SS/MAY/SB/042/FF",7,32.2857142857143,5.34522483824849,2.02030508910442,4.9435084654581
"596","Experimental","2021-08-13 13:04:00 SS/MAY/SB/082/FF",8,31.125,3.72011904571422,1.31526070202288,3.11009735317025
"597","Experimental","2021-08-13 13:17:00 SS/MAY/SB/058/FF",11,32.5454545454545,3.50324524872685,1.0562681853293,2.35351218184924
"598","Experimental","2021-08-13 13:20:00 SS/MAY/SB/031/FF",13,33,9.35414346693485,2.59437260831385,5.65265232393146
"599","Experimental","2021-08-13 13:30:00 SS/MAY/SB/010/FF",10,33,10.8012344973464,3.41565025531987,7.72673769068535
"600","Experimental","2021-08-13 13:33:00 SS/MAY/SB/012/FF",10,32.5,3.68932393686311,1.16666666666667,2.63918335659791
"601","Experimental","2021-08-13 13:33:00 SS/MAY/SB/028/FF",10,32.5,3.68932393686311,1.16666666666667,2.63918335659791
"602","Experimental","2021-08-14 12:40:00 SS/MAY/SB/011/FF",9,36.8888888888889,4.16666666666667,1.38888888888889,3.2027835211169
"603","Experimental","2021-08-15 12:04:00 SS/MAY/SB/042/FF",10,31,5.86893895388634,1.85592145427667,4.19838601138284
"604","Experimental","2021-08-15 13:17:00 SS/MAY/SB/001/FF",5,33,6.12372435695795,2.73861278752583,7.60360806895818
"605","Experimental","2021-08-15 13:37:00 SS/MAY/SB/078/FF",15,26.6666666666667,6.93507304180988,1.79062815971078,3.84051543995843
"606","Experimental","2021-08-15 14:20:00 SS/MAY/SB/010/FF",6,32.1666666666667,5.84522597225006,2.38630351054606,6.13418845852487
"607","Experimental","2021-08-16 13:35:00 SS/MAY/SB/010/FF",8,23.625,6.23211727379112,2.20338619272376,5.2101804269393
"608","Experimental","2021-08-17 12:40:00 SS/MAY/SB/001/FF",4,28,4.08248290463863,2.04124145231932,6.49614131812555
"609","Experimental","2021-08-18 13:20:00 SS/MAY/SB/001/FF",5,25,6.70820393249937,3,8.32933531559338
"610","Experimental","2021-08-18 14:02:00 SS/MAY/SB/078/FF",9,33,3.53553390593274,1.17851130197758,2.71765193574514
"611","Experimental","2021-08-20 12:40:00 SS/MAY/SB/003/FF",6,31.3333333333333,4.08248290463863,1.66666666666667,4.28430305939386
"612","Experimental","2021-08-20 12:40:00 SS/MAY/SB/074/FF",6,31.3333333333333,4.08248290463863,1.66666666666667,4.28430305939386
"613","Experimental","2021-08-20 13:35:00 SS/MAY/SB/010/FF",21,30.1428571428571,5.82482372510718,1.27108074428944,2.65142797111127
"614","Experimental","2021-08-23 12:50:00 SS/MAY/SB/027/FF",5,33,6.12372435695795,2.73861278752583,7.60360806895818
"615","Experimental","2021-08-23 13:22:00 SS/MAY/SB/012/FF",14,35.1428571428571,2.56776295506548,0.686263516307516,1.4825821907047
"616","Experimental","2021-08-25 12:40:00 SS/MAY/SB/002/FF",14,29.0714285714286,3.49646603376534,0.934469854488733,2.01879938404681
"617","Experimental","2021-08-25 13:21:00 SS/MAY/SB/033/FF",6,28,4.47213595499958,1.82574185835055,4.69321885763682
"618","Experimental","2021-08-25 13:37:00 SS/MAY/SB/070/FF",8,29.875,5.9386746958271,2.09963857434015,4.96485629246442
"619","Experimental","2021-09-06 09:00:00 SS/UYO/SB/085/FF",2,33,0,0,0
"620","Experimental","2021-09-06 09:00:00 SS/UYO/SB/099/FF",3,33,0,0,0
"621","Experimental","2021-09-20 08:30:00 SS/UYO/SB/085/FF",7,28,0,0,0
"622","Experimental","2021-09-20 08:30:00 SS/UYO/SB/088/FF",2,28,0,0,0
"623","Experimental","2021-09-21 09:00:00 SS/UYO/SB/020/FF",1,28,NA,NA,NA
"624","Experimental","2021-09-25 11:00:00 SS/UYO/SB/099/FF",2,28,0,0,0
"625","Experimental","2021-09-28 12:30:00 SS/UYO/SB/090/FF",6,28.8333333333333,2.04124145231932,0.833333333333333,2.14215152969693
"626","Experimental","2021-11-01 12:05:00 SS/MAY/SB/065/FF",7,28.7142857142857,4.49867705421219,1.70034010203401,4.16058234664407
"627","Experimental","2021-11-01 13:48:00 SS/MAY/SB/058/FF",10,27,3.94405318873308,1.24721912892465,2.82140568607583
"628","Experimental","2021-11-01 14:00:00 SS/UYO/SB/088/FF",1,48,NA,NA,NA
"629","Experimental","2021-11-01 14:18:00 SS/MAY/SB/025/FF",9,27.4444444444444,4.63980363569168,1.54660121189723,3.56646879014678
"630","Experimental","2021-11-03 07:30:00 SS/UYO/SB/099/FF",5,32,6.51920240520265,2.91547594742265,8.09465892354352
"631","Experimental","2021-11-03 14:20:00 SS/MAY/SB/083/FF",10,28,5.2704627669473,1.66666666666667,3.77026193799701
"632","Experimental","2021-11-03 14:45:00 SS/MAY/SB/033/FF",5,28,5,2.23606797749979,6.20831999101882
"633","Experimental","2021-11-05 08:30:00 SS/UYO/SB/090/FF",6,27.1666666666667,3.7638632635454,1.53659074288215,3.94993225245976
"634","Experimental","2021-11-08 10:00:00 SS/UYO/SB/085/FF",7,28.7142857142857,1.88982236504614,0.714285714285714,1.74779417938926
"635","Experimental","2021-11-08 10:00:00 SS/UYO/SB/099/FF",10,27,3.16227766016838,1,2.2621571627982
"636","Experimental","2021-11-10 11:30:00 SS/UYO/SB/089/FF",8,29.25,2.31455024943138,0.818317088384971,1.9350124326879
"637","Experimental","2021-11-10 11:30:00 SS/UYO/SB/099/FF",7,30.1428571428571,2.67261241912424,1.01015254455221,2.47175423272905
"638","Experimental","2021-11-10 13:52:00 SS/MAY/SB/028/FF",24,27.7916666666667,4.29336360147761,0.876379175321503,1.8129284506416
"639","Experimental","2021-11-10 13:52:00 SS/MAY/SB/082/FF",16,29.25,5.91607978309962,1.4790199457749,3.15245639129576
"640","Experimental","2021-11-15 07:30:00 SS/UYO/SB/039/FF",3,31.3333333333333,2.88675134594813,1.66666666666667,7.17108788291577
"641","Experimental","2021-11-15 07:30:00 SS/UYO/SB/093/FF",9,30.2222222222222,2.63523138347365,0.878410461157883,2.02561815583668
"642","Experimental","2021-11-15 07:30:00 SS/UYO/SB/099/FF",11,28,3.16227766016838,0.953462589245592,2.12444703901353
"643","Experimental","2021-11-15 13:51:00 SS/MAY/SB/029/FF",12,28.8333333333333,3.58870281282637,1.03596926751344,2.28015298410808
"644","Experimental","2021-11-15 14:18:00 SS/MAY/SB/025/FF",5,31,2.73861278752583,1.22474487139159,3.40043690329128
"645","Experimental","2021-11-17 08:30:00 SS/UYO/SB/099/FF",9,28.5555555555556,1.66666666666667,0.555555555555556,1.28111340844676
"646","Experimental","2021-11-19 09:30:00 SS/UYO/SB/089/FF",8,28.625,3.20434972230828,1.13290870896871,2.67890340806808
"647","Experimental","2021-11-24 11:30:00 SS/UYO/SB/089/FF",7,33,2.88675134594813,1.09108945117996,2.66979970875151
"648","Experimental","2021-11-24 11:30:00 SS/UYO/SB/091/FF",14,30.5,3.25221817793995,0.869191869206394,1.8777748706858
"649","Experimental","2021-11-29 07:00:00 SS/UYO/SB/091/FF",15,26.3333333333333,2.43975018237133,0.629940788348712,1.35108861702676
"650","Experimental","2022-02-01 08:30:00 SS/UYO/SB/085/FF",14,25.1428571428571,2.56776295506548,0.686263516307516,1.4825821907047
"651","Experimental","2022-02-01 12:35:00 SS/MAY/SB/045/FF",51,30.6470588235294,4.93486992497985,0.691020007321808,1.38795453235015
"652","Experimental","2022-02-01 12:38:00 SS/MAY/SB/077/FF",42,34.4285714285714,2.28614978429606,0.352760570231996,0.712414424339779
"653","Experimental","2022-02-01 12:50:00 SS/MAY/SB/032/FF",12,33,0,0,0
"654","Experimental","2022-02-01 12:55:00 SS/MAY/SB/010/FF",24,33.2083333333333,3.12046772785422,0.636962807672071,1.31765795964471
"655","Experimental","2022-02-01 13:15:00 SS/MAY/SB/066/FF",25,28.4,5.57524289455924,1.11504857891185,2.30134715816154
"656","Experimental","2022-02-02 09:00:00 SS/MAY/SB/020/FF",7,25.8571428571429,3.93397896234722,1.48690428533295,3.63832371729944
"657","Experimental","2022-02-02 09:00:00 SS/UYO/SB/095/FF",17,25.3529411764706,2.57247877713763,0.623917748105777,1.32264654048763
"658","Experimental","2022-02-02 09:00:00 SS/UYO/SB/100/FF",30,21.1666666666667,4.44958993332112,0.812380259375962,1.66150418715917
"659","Experimental","2022-02-03 12:09:00 SS/MAY/SB/033/FF",26,32.2307692307692,3.06343196180614,0.600788436608204,1.23734694724298
"660","Experimental","2022-02-03 12:25:00 SS/MAY/SB/045/FF",16,27.375,4.03112887414927,1.00778221853732,2.14803695172459
"661","Experimental","2022-02-03 12:29:00 SS/MAY/SB/019/FF",26,26.8461538461538,3.55181427095852,0.696568087549032,1.43460883092487
"662","Experimental","2022-02-03 12:41:00 SS/MAY/SB/072/FF",17,29.1764705882353,6.50226204983357,1.57703019040641,3.34315465767446
"663","Experimental","2022-02-03 13:20:00 SS/MAY/SB/022/FF",18,26.6111111111111,4.13221047366816,0.97397134907361,2.05489992463883
"664","Experimental","2022-02-03 13:26:00 SS/MAY/SB/003/FF",56,29.1607142857143,4.36838553790668,0.583750072006606,1.1698612865495
"665","Experimental","2022-02-03 13:28:00 SS/MAY/SB/010/FF",22,25.9545454545455,3.98183103044044,0.8489292280969,1.76544497594429
"666","Experimental","2022-02-05 12:18:00 SS/MAY/SB/068/FF",23,30.1739130434783,5.39909229671604,1.12578856668981,2.33474258861228
"667","Experimental","2022-02-05 12:43:00 SS/MAY/SB/019/FF",13,29.1538461538462,2.99572344757639,0.830864192103572,1.81029756146636
"668","Experimental","2022-02-05 12:45:00 SS/MAY/SB/003/FF",25,31,2.5,0.5,1.03194928081401
"669","Experimental","2022-02-05 12:50:00 SS/MAY/SB/066/FF",16,29.5625,3.9660013447636,0.9915003361909,2.11333294099646
"670","Experimental","2022-02-05 13:12:00 SS/MAY/SB/010/FF",22,27.5454545454545,4.60566186471838,0.981930408849676,2.0420360728029
"671","Experimental","2022-02-05 13:15:00 SS/MAY/SB/045/FF",29,29.0344827586207,4.88790605635619,0.907661368112723,1.85926002877374
"672","Experimental","2022-02-05 13:18:00 SS/MAY/SB/032/FF",25,31.4,2.38047614284762,0.476095228569523,0.982612257442605
"673","Experimental","2022-02-06 13:57:00 SS/MAY/SB/082/FF",6,33,5.47722557505166,2.23606797749979,5.74799572620899
"674","Experimental","2022-02-06 13:59:00 SS/MAY/SB/058/FF",8,31.75,4.43202630213959,1.56695792632002,3.70526671380186
"675","Experimental","2022-02-07 12:49:00 SS/MAY/SB/068/FF",33,33.4545454545455,3.39200262649984,0.590471866216663,1.20275183267183
"676","Experimental","2022-02-07 13:00:00 SS/UYO/SB/091/FF",26,25.8846153846154,3.51370941401731,0.689095110275728,1.41921794612665
"677","Experimental","2022-02-07 13:00:00 SS/UYO/SB/100/FF",31,23.9677419354839,2.38724207636821,0.428761334137137,0.875647463035247
"678","Experimental","2022-02-07 13:08:00 SS/MAY/SB/045/FF",36,30.6388888888889,4.38929071899698,0.731548453166163,1.4851223146719
"679","Experimental","2022-02-07 13:21:00 SS/MAY/SB/032/FF",21,30.6190476190476,2.55883157859579,0.558382828550408,1.16476616993707
"680","Experimental","2022-02-09 10:00:00 SS/UYO/SB/100/FF",15,27.3333333333333,2.58198889747161,0.666666666666667,1.4298577919452
"681","Experimental","2022-02-09 13:15:00 SS/MAY/SB/010/FF",5,28,5,2.23606797749979,6.20831999101882
"682","Experimental","2022-02-09 13:37:00 SS/MAY/SB/070/FF",11,30.7272727272727,4.10099766132362,1.23649731897595,2.75508771678718
"683","Experimental","2022-02-09 13:39:00 SS/MAY/SB/074/FF",30,31.5,3.25629364091479,0.594515160329885,1.21592002860396
"684","Experimental","2022-02-09 13:59:00 SS/MAY/SB/025/FF",7,30.8571428571429,3.93397896234722,1.48690428533295,3.63832371729944
"685","Experimental","2022-02-11 11:00:00 SS/UYO/SB/091/FF",25,24.6,3.45205252953466,0.690410505906933,1.4249372500742
"686","Experimental","2022-02-11 11:00:00 SS/UYO/SB/095/FF",11,29.8181818181818,4.04519917477945,1.21967344227261,2.71760178346345
"687","Experimental","2022-02-11 12:18:00 SS/MAY/SB/043/FF",12,30.9166666666667,3.34278961710761,0.964980242640682,2.12390719383377
"688","Experimental","2022-02-11 12:32:00 SS/MAY/SB/026/FF",11,31.1818181818182,4.04519917477945,1.21967344227261,2.71760178346345
"689","Experimental","2022-02-11 12:32:00 SS/MAY/SB/027/FF",11,31.1818181818182,4.04519917477945,1.21967344227261,2.71760178346345
"690","Experimental","2022-02-11 13:20:00 SS/MAY/SB/010/FF",17,32.7058823529412,3.73772500798201,0.90653147102485,1.92176086933642
"691","Experimental","2022-02-13 12:22:00 SS/MAY/SB/033/FF",5,32,4.18330013267038,1.87082869338697,5.19425316841784
"692","Experimental","2022-02-13 12:53:00 SS/MAY/SB/035/FF",3,29.6666666666667,2.88675134594813,1.66666666666667,7.17108788291577
"693","Experimental","2022-02-15 12:49:00 SS/MAY/SB/045/FF",18,28.2777777777778,4.68797655529617,1.10496667076449,2.33127589496554
"694","Experimental","2022-02-15 13:13:00 SS/MAY/SB/074/FF",27,31.5185185185185,3.62013992898246,0.696696254167378,1.43207966023326
"695","Experimental","2022-02-16 12:43:00 SS/MAY/SB/027/FF",7,30.8571428571429,3.93397896234722,1.48690428533295,3.63832371729944
"696","Experimental","2022-02-16 13:51:00 SS/MAY/SB/015/FF",5,32,4.18330013267038,1.87082869338697,5.19425316841784
"697","Experimental","2022-02-16 13:52:00 SS/MAY/SB/070/FF",8,31.75,4.43202630213959,1.56695792632002,3.70526671380186
"698","Experimental","2022-02-17 12:11:00 SS/MAY/SB/013/FF",33,32.2424242424242,3.09263543590155,0.538358727407269,1.09660084259861
"699","Experimental","2022-02-17 13:44:00 SS/MAY/SB/066/FF",17,30.6470588235294,2.57247877713763,0.623917748105777,1.32264654048763
"700","Experimental","2022-03-07 00:05:00 SS/UYO/SB/093/FF",5,29,4.18330013267038,1.87082869338697,5.19425316841784
"701","Experimental","2022-03-07 00:05:00 SS/UYO/SB/100/FF",35,24.8571428571429,2.45120447154956,0.414329177667934,0.842018196365785
"702","Experimental","2022-03-28 00:05:00 SS/UYO/SB/088/FF",16,28.78125,8.83736150292231,2.20934037573058,4.7090975398378
"703","Experimental","2022-04-01 12:57:00 SS/MAY/SB/015/FF",33,29.2121212121212,6.37748763110118,1.11017809770855,2.26135878440165
"704","Experimental","2022-04-01 12:58:00 SS/MAY/SB/030/FF",22,32.0909090909091,5.6980288229819,1.21482382687466,2.5263644492736
"705","Experimental","2022-04-01 12:59:00 SS/MAY/SB/028/FF",31,33.8064516129032,5.01610310127101,0.900918712501222,1.83992147190762
"706","Experimental","2022-04-04 12:37:00 SS/MAY/SB/027/FF",30,30.6666666666667,3.65148371670111,0.666666666666667,1.36348642808847
"707","Experimental","2022-04-04 12:51:00 SS/MAY/SB/035/FF",18,35.7777777777778,2.55654996282457,0.602584605051823,1.27134238670087
"708","Experimental","2022-04-04 12:57:00 SS/MAY/SB/017/FF",35,36.2857142857143,2.40796995988968,0.407021211371843,0.827166621986275
"709","Experimental","2022-04-04 15:30:00 SS/UYO/SB/100/FF",26,25.6923076923077,2.54195563720897,0.498518515262143,1.02671810144372
"710","Experimental","2022-04-06 16:30:00 SS/UYO/SB/092/FF",19,25.6315789473684,2.56494588021289,0.588438941447313,1.23626434142277
"711","Experimental","2022-04-07 12:52:00 SS/MAY/SB/015/FF",14,29.4285714285714,2.34403615469248,0.626470013790735,1.35340618200732
"712","Experimental","2022-04-07 12:53:00 SS/MAY/SB/058/FF",22,34.8181818181818,2.46182981958665,0.524863881081478,1.09151419369454
"713","Experimental","2022-04-07 12:55:00 SS/MAY/SB/065/FF",29,33.6896551724138,4.37609943961729,0.812621265336139,1.66457920348924
"714","Experimental","2022-04-07 12:57:00 SS/MAY/SB/082/FF",23,35.1739130434783,2.53434900934851,0.528448298700432,1.09593469445453
"715","Experimental","2022-04-07 12:58:00 SS/MAY/SB/070/FF",34,35.0588235294118,2.49777084217821,0.428364165443776,0.871513447474481
"716","Experimental","2022-04-09 13:04:00 SS/MAY/SB/028/FF",53,27.5283018867925,3.83106619817565,0.526237413506168,1.05597262451608
"717","Experimental","2022-04-11 12:52:00 SS/MAY/SB/070/FF",25,35,2.5,0.5,1.03194928081401
"718","Experimental","2022-04-11 12:54:00 SS/MAY/SB/082/FF",18,33,0,0,0
"719","Experimental","2022-04-11 12:57:00 SS/MAY/SB/025/FF",23,30.1739130434783,2.53434900934851,0.528448298700432,1.09593469445453
"720","Experimental","2022-04-14 09:00:00 SS/UYO/SB/089/FF",21,28,0,0,0
"721","Experimental","2022-04-14 12:59:00 SS/MAY/SB/028/FF",20,32.25,1.83173774266262,0.409589010954563,0.857279652349208
"722","Experimental","2022-04-18 11:00:00 SS/UYO/SB/085/FF",29,24.8965517241379,3.10925838178963,0.577374786686258,1.18269863654064
"723","Experimental","2022-04-18 11:00:00 SS/UYO/SB/091/FF",22,25.7272727272727,2.54823595718813,0.543285731515634,1.12982452890292
"724","Experimental","2022-04-18 11:00:00 SS/UYO/SB/100/FF",13,23,0,0,0
"725","Experimental","2022-04-18 12:43:00 SS/MAY/SB/065/FF",63,29.9047619047619,4.1570549660527,0.523739696504833,1.04694073565287
"726","Experimental","2022-04-19 11:30:00 SS/UYO/SB/092/FF",19,25.1052631578947,2.53628636750894,0.581863998307965,1.22245089846798
"727","Experimental","2022-04-19 11:30:00 SS/UYO/SB/100/FF",14,23,0,0,0
"728","Experimental","2022-04-20 00:05:00 SS/UYO/SB/085/FF",16,26.4375,3.01039864469807,0.752599661174518,1.60412820579887
"729","Experimental","2022-04-21 12:43:00 SS/MAY/SB/042/FF",17,31.8235294117647,4.1568511838537,1.00818450005898,2.13725566426776
"730","Experimental","2022-04-21 12:50:00 SS/MAY/SB/033/FF",23,31.2608695652174,3.8755338788159,0.808104675899639,1.67590652339557
"731","Experimental","2022-04-21 12:52:00 SS/MAY/SB/035/FF",24,34.6666666666667,2.40771706171538,0.49147318718299,1.016689748983
"732","Experimental","2022-04-21 13:22:00 SS/MAY/SB/028/FF",33,27.5454545454545,5.05649896847432,0.880223487774413,1.79295657194445
"733","Experimental","2022-04-25 07:00:00 SS/UYO/SB/088/FF",13,25.6923076923077,2.59437260831385,0.719549497456527,1.56776367663889
"734","Experimental","2022-04-25 07:00:00 SS/UYO/SB/091/FF",8,25.5,2.67261241912424,0.944911182523068,2.23435989779526
"735","Experimental","2022-04-25 07:00:00 SS/UYO/SB/100/FF",1,33,NA,NA,NA
"736","Experimental","2022-04-26 07:30:00 SS/UYO/SB/071/FF",18,26.6111111111111,3.34556579034344,0.78855741908586,1.66371072680338
"737","Experimental","2022-04-26 07:30:00 SS/UYO/SB/088/FF",8,29.875,6.5123509031466,2.30246374254065,5.4444616040247
"738","Experimental","2022-04-26 07:30:00 SS/UYO/SB/092/FF",23,24.9565217391304,3.61157559257308,0.753065568508208,1.56176240089501
"739","Experimental","2022-04-26 07:30:00 SS/UYO/SB/100/FF",31,23.1612903225806,0.898026510133874,0.161290322580645,0.329398783274393
"740","Experimental","2022-04-27 08:00:00 SS/UYO/SB/088/FF",21,30.3809523809524,5.61672672004069,1.2256702548794,2.55670335007947
"741","Experimental","2022-04-27 08:00:00 SS/UYO/SB/092/FF",7,27.2857142857143,1.88982236504614,0.714285714285714,1.74779417938926
