"","survey_id","year","month","day","BMU","household_group","Total_Biomass_kg_per_fisherman","Avg_Trophic_Level","richness","total_catch_per_fisherman","Total_value_KES_per_fisherman","Mean_length_cm","Calcium_mg_per_fisherman","Iron_mg_per_fisherman","Omega3_g_per_fisherman","Protein_g_per_fisherman","VitaminA_ug_per_fisherman","Selenium_ug_per_fisherman","mean_lengthdist","Zinc_mg_per_fisherman","TakeHome_kg","Diet_percent_Herbivorous_Detritivorous","Diet_percent_Herbivorous_Macroalgal","Diet_percent_Omnivorous","Diet_percent_Planktivorous","Diet_percent_Carnivorous","trap_type","total_traps_collected","household_group_collapsed","No_fishermen"
"1","2022-04-29 23:15:00 SS/KAN/CO/083/FF","2022","Apr","29","KANAMAI","Control",1.25237894286099,2.43153843523077,2,13,250.475788572199,18.7692307692308,611.270848096892,12.5958650636584,3.44793050339125,231.01051207699,313.6099374467,344.579112598862,-5.62533745,23.8473582249972,NA,66.6666666666667,0,0,0,33.3333333333333,NA,NA,"Control",1
"2","2022-04-03 12:12:00 SS/TAK/CO/154/FF","2022","Apr","03","TAKAUNGU","Social marketing",0.0721305873758243,3.49,1,8,11.5408939801319,13,29.8196082711643,0.333271013264472,0.0663250322649649,13.2005809992218,64.469448120652,28.7387121099794,-2.01896242,0.997857851501973,NA,0,0,0,0,100,NA,NA,"Social marketing",1
"3","2022-05-03 12:20:00 SS/TAK/CO/145/FF","2022","May","03","TAKAUNGU","Social marketing",1.23483337674031,3.98,1,1,0,38,349.774145470327,18.1501891267672,4.51658327466236,234.738251187058,1553.05985487314,130.402776387864,6.91014134,9.66050307405358,NA,0,0,0,0,100,NA,NA,"Social marketing",1
"4","2022-05-03 09:55:00 SS/TAK/CO/160/FF","2022","May","03","TAKAUNGU","Social marketing",1.56587629590619,2.016,2,15,243.835934742712,16.6666666666667,507.862419839158,11.1859750422075,2.84085632154517,292.717066855499,362.168595486245,560.168824317256,-5.12975284333333,21.6497433164243,NA,66.6666666666667,0,0,33.3333333333333,0,NA,NA,"Social marketing",1
"5","2022-04-03 12:48:00 SS/KAN/CO/026/FF","2022","Apr","03","KANAMAI","Control",2.24367661639789,3.09384615384615,3,13,320.312598862613,18,1686.03867264749,18.3531376979127,3.78424980517224,415.22927758814,1265.85341591473,782.64479520759,-0.643480926666667,42.7462986318677,NA,33.3333333333333,0,33.3333333333333,0,33.3333333333333,NA,NA,"Control",1
"6","2022-05-03 03:38:00 SS/KAN/CO/024/FF","2022","May","03","KANAMAI","Control",4.8886075898384,2.82666666666667,3,18,728.796466636038,21.8888888888889,3096.58201101963,37.8730684589318,7.77148892269328,910.895240871442,3817.10840369299,1616.7281428023,3.91810447333333,83.1763074343611,NA,66.6666666666667,0,0,0,33.3333333333333,NA,NA,"Control",1
"7","2022-04-22 13:00:00 SS/KAN/CO/076/FF","2022","Apr","22","KANAMAI","Control",1.85359887119744,3.920000076,1,2,296.57581939159,38,848.242171200834,14.604600113851,3.29368293007267,311.363565009206,4854.35503963872,563.262923630297,23.34992007,57.3576848035975,NA,0,0,0,0,100,NA,NA,"Control",1
"8","2022-04-22 13:00:00 SS/KAN/CO/140/FF","2022","Apr","22","KANAMAI","Control",6.55011558116588,2,1,15,1310.02311623318,33,2865.04600240099,60.9186192972402,18.0359237739257,1192.03456573137,1767.37107140342,1384.57743503894,7.2564563,111.719617561797,NA,100,0,0,0,0,NA,NA,"Control",1
"9","2022-04-22 13:00:00 SS/KAN/CO/078/FF","2022","Apr","22","KANAMAI","Control",3.4646811776178,2.715,2,8,692.936235523561,30.5,1830.95604455526,37.7412166623475,9.34494939345501,647.911875687569,798.90224786722,1226.70671994813,5.72582344,78.5041305832214,NA,50,0,0,0,50,NA,NA,"Control",1
"10","2022-04-19 13:48:00 SS/KAN/CO/140/FF","2022","Apr","19","KANAMAI","Control",3.9127589409901,2,1,14,782.551788198019,28,1711.45596185755,36.3901780624185,10.7738895796526,712.07047375559,1055.75189872453,827.087350033826,2.2564563,66.7365219868547,NA,100,0,0,0,0,NA,NA,"Control",1
"11","2022-04-17 07:22:00 SS/KAN/CO/140/FF","2022","Apr","17","KANAMAI","Control",6.14107376706546,2.36,2,12,1180.5535538099,33.8333333333333,2453.93791815438,49.1921935303825,14.9691657263418,1118.51629594012,3925.14136912103,1843.35808211572,10.2218531033333,90.2937935656216,NA,66.6666666666667,0,0,0,33.3333333333333,NA,NA,"Control",1
"12","2022-04-17 07:22:00 SS/KAN/CO/133/FF","2022","Apr","17","KANAMAI","Control",2.3990696414671,2,1,6,479.813928293419,31.3333333333333,1049.36238156326,22.3122795842462,6.60590437613897,436.599003908953,647.323887658242,507.120469784301,7.2564563,40.9188417406698,NA,100,0,0,0,0,NA,NA,"Control",1
"13","2022-04-15 14:20:00 SS/KAN/CO/073/FF","2022","Apr","15","KANAMAI","Control",4.06160472283745,3.82842105263158,2,19,808.118826212612,22.7368421052632,2390.73579490208,21.863046119295,12.1478488430672,716.609120053317,5552.05555768379,2880.49028913514,2.039476535,30.303416016616,NA,0,0,0,0,100,NA,NA,"Control",1
"14","2022-04-15 06:02:00 SS/KAN/CO/133/FF","2022","Apr","15","KANAMAI","Control",2.62004623246635,2,1,6,524.00924649327,33,1146.01840096039,24.3674477188961,7.21436950957026,476.813826292547,706.948428561368,553.830974015577,7.2564563,44.6878470247188,NA,100,0,0,0,0,NA,NA,"Control",1
"15","2022-04-08 14:06:00 SS/KAN/CO/078/FF","2022","Apr","08","KANAMAI","Control",4.59907311833806,3.71,3,19,806.91586920268,22.7368421052632,1551.17758946456,16.9854638366065,7.45099420437706,837.37809251142,8798.06621738294,2909.44452972359,6.031323425,26.7746261550371,NA,0,0,0,0,100,NA,NA,"Control",1
"16","2022-04-07 13:30:00 SS/KAN/CO/078/FF","2022","Apr","07","KANAMAI","Control",7.78484136888997,3.7516,3,27,1461.64587457161,21.7037037037037,3848.84853572094,41.232560392966,14.9126791947494,1417.12698984557,13396.8380462243,4278.37618147105,10.63320858,56.3247118493468,NA,0,0,0,0,100,NA,NA,"Control",1
"17","2022-04-06 13:00:00 SS/KAN/CO/078/FF","2022","Apr","06","KANAMAI","Control",5.69530932192967,3.12454545454545,3,11,1041.47917881985,32.5454545454545,3334.16778894015,63.2215821546764,12.6976530654867,1085.25564198191,1468.43458170001,2685.03387459761,13.83721084,142.9907881746,NA,33.3333333333333,0,0,0,66.6666666666667,NA,NA,"Control",1
"18","2022-04-19 09:50:00 SS/KUR/SG/029/FF","2022","Apr","19","KURUWITU","Social marketing",0.819704049809343,2.65,2,6,98.3644859771212,14.6666666666667,629.048628086072,7.43494705714225,0.891765492167218,154.056571856255,204.133681948417,168.659451748631,0.0716254299999992,19.4176543865028,0.553502897855018,50,0,50,0,0,NA,NA,"Social marketing",1
"19","2022-04-20 11:50:00 SS/KUR/SG/086/FF","2022","Apr","20","KURUWITU","Social marketing",0.379059145487142,2,1,3,45.4870974584571,18,160.463783028059,2.88026210048807,0.238133586371765,69.438366152063,81.6323978894228,79.9417239746083,-3.20195955,9.13516125846776,NA,0,0,100,0,0,NA,NA,"Social marketing",1
"20","2022-04-26 13:00:00 SS/KUR/SG/020/FF","2022","Apr","26","KURUWITU","Social marketing",1.6121633026745,2.84454545454545,3,14,251.634365969399,18.3571428571429,848.872025717385,9.86752400929498,3.35108857490585,273.309603227647,1343.15304415371,868.561096666635,-5.41276309333333,16.960780472047,NA,50,0,0,0,50,NA,NA,"Social marketing",1
"21","2022-04-06 11:00:00 SS/KUR/SG/029/FF","2022","Apr","06","KURUWITU","Social marketing",1.41737690986048,2.78692307692308,3,13,195.62093163069,13.5384615384615,672.708678211029,10.1585566582551,1.68312120686394,257.670261366949,667.658044601052,458.061814693937,-3.31014759333333,28.8483254436365,NA,33.3333333333333,0,33.3333333333333,0,33.3333333333333,NA,NA,"Social marketing",1
"22","2022-04-07 23:50:00 SS/TAK/CO/174/FF","2022","Apr","07","TAKAUNGU","Social marketing",3.46339119345541,2,2,20,572.117300854253,21.5,2213.97796857527,33.4050867875357,7.18965432069348,635.305873143339,942.523728659371,683.043608311702,4.082154945,75.682287680737,NA,100,0,0,0,0,NA,NA,"Social marketing",1
"23","2022-04-07 23:50:00 SS/TAK/CO/176/FF","2022","Apr","07","TAKAUNGU","Social marketing",4.39990770093475,2.01307692307692,2,13,796.292394351491,28.7692307692308,1816.31873581043,37.7219994954565,10.3204450584005,808.296427226404,1044.76529164788,1142.98951019975,7.81895497,68.386564543933,1.04611432294324,50,50,0,0,0,NA,NA,"Social marketing",1
"24","2022-04-07 23:50:00 SS/TAK/CO/195/FF","2022","Apr","07","TAKAUNGU","Social marketing",1.95637947049505,2,1,7,391.27589409901,28,855.727980928777,18.1950890312093,5.38694478982632,356.035236877795,527.875949362263,413.543675016913,2.2564563,33.3682609934273,NA,100,0,0,0,0,NA,NA,"Social marketing",1
"25","2022-04-06 23:20:00 SS/TAK/CO/176/FF","2022","Apr","06","TAKAUNGU","Social marketing",4.67939048243404,2.01214285714286,2,14,852.188950651349,28.7142857142857,1938.56559022883,40.3212979284864,11.0900085998043,859.158603923232,1120.17614155678,1202.06717805931,7.81895497,73.1534589715655,NA,50,50,0,0,0,NA,NA,"Social marketing",1
"26","2022-04-06 23:40:00 SS/TAK/CO/144/FF","2022","Apr","06","TAKAUNGU","Social marketing",9.34292739242001,2.0085,2,20,1784.89633264854,33.25,3978.41475249759,83.6940027422686,23.9311860085279,1707.86075679087,2378.50511651881,2187.8555802677,10.31895497,152.69534699062,NA,50,50,0,0,0,NA,NA,"Social marketing",1
"27","2022-04-06 23:40:00 SS/TAK/CO/174/FF","2022","Apr","06","TAKAUNGU","Social marketing",4.47172450398868,2,1,16,894.344900797736,28,1955.94967069435,41.5887749284783,12.3130166624602,813.794827149246,1206.57359854232,945.242685752945,2.2564563,76.2703108421196,NA,100,0,0,0,0,NA,NA,"Social marketing",1
"28","2022-04-27 11:06:00 SS/TAK/CO/194/FF","2022","Apr","27","TAKAUNGU","Social marketing",2.41124318510847,2.27,1,13,289.349182213016,23,1234.17053367505,19.36043971858,2.58788242149836,451.770358474013,611.24719341097,931.832164302592,4.33540436,39.4837902705717,NA,100,0,0,0,0,NA,NA,"Social marketing",1
"29","2022-04-27 11:20:00 SS/TAK/CO/144/FF","2022","Apr","27","TAKAUNGU","Social marketing",7.28591443888155,2.84333333333333,2,24,1047.03895341571,26.3333333333333,3350.75703954325,47.6572002836454,9.2626089443706,1413.60108760262,3156.18097117703,3059.54782532015,6.94081855,89.8366686231738,NA,50,0,0,0,50,NA,NA,"Social marketing",1
"30","2022-04-27 23:55:00 SS/TAK/CO/195/FF","2022","Apr","27","TAKAUNGU","Social marketing",3.35379337799151,2,1,12,670.758675598302,28,1466.96225302076,31.1915811963587,9.23476249684512,610.346120361934,904.930198906737,708.932014314708,2.2564563,57.2027331315897,NA,100,0,0,0,0,NA,NA,"Social marketing",1
"31","2022-04-09 11:20:00 SS/TAK/CO/174/FF","2022","Apr","09","TAKAUNGU","Social marketing",0.822263312412969,2.15307692307692,2,13,112.413506806105,14.1538461538462,577.191818784887,6.72736370252228,1.05615927863756,156.939409963846,322.963011650649,237.776919060795,2.727043165,16.7224747207603,NA,50,0,0,0,50,NA,NA,"Social marketing",1
"32","2022-04-04 11:30:00 SS/TAK/CO/142/FF","2022","Apr","04","TAKAUNGU","Social marketing",0.115923978689258,2,1,1,13.910877442711,18,104.4807682805,1.16999982740972,0.138669963912858,21.4823566358111,31.8959830228545,20.7307640995991,5.90785359,3.25492512979305,NA,100,0,0,0,0,NA,NA,"Social marketing",1
"33","2022-04-08 16:48:00 SS/KAN/CO/140/FF","2022","Apr","08","KANAMAI","Control",7.91487875080245,2,1,20,1582.97575016049,31.5,3461.99871490494,73.6114469171135,21.7938367743929,1440.40344595719,2135.61540471993,1673.0639915639,2.2564563,134.997194496872,NA,100,0,0,0,0,NA,NA,"Control",1
"34","2022-04-07 16:30:00 SS/KAN/CO/140/FF","2022","Apr","07","KANAMAI","Control",11.5302466392293,2,1,18,2306.04932784586,38,5043.3746750071,107.23577266914,31.7488518947153,2098.35267409478,3111.12439220397,2437.28818511458,12.2564563,196.661376271259,NA,100,0,0,0,0,NA,NA,"Control",1
"35","2022-04-06 16:00:00 SS/KAN/CO/140/FF","2022","Apr","06","KANAMAI","Control",9.63742346678769,2,1,16,1927.48469335754,37.0625,4215.4464657631,89.6317818982712,26.5369111231906,1753.88384443695,2600.39738642799,2037.17917625721,9.7564563,164.377139708268,NA,100,0,0,0,0,NA,NA,"Control",1
"36","2022-04-22 11:10:00 SS/TAK/CO/194/FF","2022","Apr","22","TAKAUNGU","Social marketing",14.6333332630269,3.084375,4,50,1538.88971056422,24.6,8959.14887726711,172.451174081318,42.6277373388988,2768.05615934542,10666.6013779744,11875.648186812,-7.30360132,130.02263796053,2.46966675348063,25,0,0,0,75,NA,NA,"Social marketing",1
"37","2022-04-22 23:30:00 SS/TAK/CO/174/FF","2022","Apr","22","TAKAUNGU","Social marketing",7.42346432532133,2,1,17,1484.69286506427,33,3247.05213605445,69.0411018702055,20.4407136104491,1350.97250782888,2003.02054759054,1569.1877597108,7.2564563,126.615566570037,NA,100,0,0,0,0,NA,NA,"Social marketing",1
"38","2022-04-22 11:10:00 SS/TAK/CO/142/FF","2022","Apr","22","TAKAUNGU","Social marketing",1.62293570164962,2,1,14,194.752284197954,18,1462.73075592699,16.3799975837361,1.94137949478001,300.752992901355,446.543762319963,290.230697394388,5.90785359,45.5689518171027,NA,100,0,0,0,0,NA,NA,"Social marketing",1
"39","2022-04-27 00:10:00 SS/TAK/CO/176/FF","2022","Apr","27","TAKAUNGU","Social marketing",8.04024755207462,3.07153846153846,2,26,1496.04330692925,27.6153846153846,3479.85256169098,64.1867807115064,18.3697066344094,1509.72253344978,2972.68989374259,2347.93699178914,3.40134452,116.118558268248,NA,50,0,0,0,50,NA,NA,"Social marketing",1
"40","2022-04-06 22:58:00 SS/TAK/CO/198/FF","2022","Apr","06","TAKAUNGU","Social marketing",3.69523915083392,2,2,22,599.939055739675,21.1818181818182,2422.93950513627,35.7450864423551,7.46699424851919,678.270586414961,1006.31569470508,724.5051365109,4.082154945,82.1921379403231,NA,100,0,0,0,0,NA,NA,"Social marketing",1
"41","2022-04-06 23:50:00 SS/TAK/CO/195/FF","2022","Apr","06","TAKAUNGU","Social marketing",3.35379337799151,2,1,12,670.758675598302,28,1466.96225302076,31.1915811963587,9.23476249684512,610.346120361934,904.930198906737,708.932014314708,2.2564563,57.2027331315897,NA,100,0,0,0,0,NA,NA,"Social marketing",1
"42","2022-04-27 11:31:00 SS/KAN/CO/135/FF","2022","Apr","27","KANAMAI","Control",1.69155451168496,2.586,3,7,278.957223934322,23,956.434789763618,12.3132575733659,2.77846656933894,312.752148034826,1670.79632555614,712.360504638186,5.02746113,20.1424473013368,NA,33.3333333333333,0,0,0,66.6666666666667,NA,NA,"Control",1
"43","2022-04-26 10:19:00 SS/KAN/CO/117/FF","2022","Apr","26","KANAMAI","Control",7.21459213954572,3.44828571428571,4,70,1231.24044586211,17.5,3859.45230130847,53.7969914797241,15.3192419702511,1326.68004958898,6161.74457337577,4037.76728069417,-1.892829126,104.47665698013,NA,20,0,0,0,80,NA,NA,"Control",1
"44","2022-04-22 03:48:00 SS/KAN/CO/024/FF","2022","Apr","22","KANAMAI","Control",5.62453490128934,2.46153846153846,3,26,893.558284184776,21.4615384615385,3504.1064050033,47.6389955389037,10.5134784807885,1044.48430588937,3179.24083521657,1571.21628487578,2.25143780666667,101.056894705871,NA,66.6666666666667,0,0,0,33.3333333333333,NA,NA,"Control",1
"45","2022-04-18 13:09:00 SS/KAN/CO/135/FF","2022","Apr","18","KANAMAI","Control",1.46102173861224,2,2,6,127.776552938076,23,450.754394374238,8.09086495559901,0.668934500231747,195.057402303276,229.3113210819,224.562095542182,-3.350979775,25.6613299454095,NA,0,0,100,0,0,NA,NA,"Control",1
"46","2022-04-11 10:41:00 SS/KAN/CO/135/FF","2022","Apr","11","KANAMAI","Control",0.532402303908649,2,1,2,63.8882764690379,23,225.377197187119,4.0454324777995,0.334467250115873,97.5287011516379,114.65566054095,112.281047771091,1.79804045,12.8306649727048,NA,0,0,100,0,0,NA,NA,"Control",1
"47","2022-04-18 12:30:00 SS/KUR/SG/011/FF","2022","Apr","18","KURUWITU","Social marketing",0.343547732913712,3.99,1,1,54.967637266194,28,145.731717954501,1.8957736231837,0.483512679683,68.2266266190921,191.246483550677,152.167885782147,4.54623274,3.28105054472862,NA,0,0,0,0,100,NA,NA,"Social marketing",1
"48","2022-04-28 10:40:00 SS/KUR/SG/077/FF","2022","Apr","28","KURUWITU","Social marketing",0.163804808493707,2,1,1,32.7609616987415,23,71.6488596168286,1.52344834896934,0.451041054647945,29.8103127094364,44.1982857097959,34.6254106176999,-2.7435437,2.79387597561188,NA,100,0,0,0,0,NA,NA,"Social marketing",1
"49","2022-04-28 11:05:00 SS/KUR/SG/010/FF","2022","Apr","28","KURUWITU","Social marketing",1.2940597772431,2.745,3,4,170.504598291446,29.25,599.440615945284,8.98904367905235,0.98961898230278,237.233263983646,543.713715972315,340.53733881258,13.4169923,27.7421177422558,NA,25,0,25,0,50,NA,NA,"Social marketing",1
"50","2022-04-28 11:15:00 SS/KUR/SG/069/FF","2022","Apr","28","KURUWITU","Social marketing",1.67270272684124,2.389,3,20,236.044485202488,16.5,900.695347556014,15.2742095591658,2.46443051532736,315.331676257384,412.426916027576,695.100018224772,1.036488248,32.4743956810053,NA,60,0,0,0,40,NA,NA,"Social marketing",1
"51","2022-04-06 11:15:00 SS/KUR/SG/054/FF","2022","Apr","06","KURUWITU","Social marketing",2.30121097438202,2.5265,7,21,269.203479716374,16.8095238095238,1622.82436231358,18.2236805731144,3.06547577883508,388.812211687936,977.985729550279,614.566577824778,-0.937308458142857,45.3354292651204,NA,50,0,16.6666666666667,16.6666666666667,16.6666666666667,NA,NA,"Social marketing",1
"52","2022-04-11 11:55:00 SS/KUR/SG/054/FF","2022","Apr","11","KURUWITU","Social marketing",1.00594168547268,2.56727272727273,4,11,139.594528416634,18,525.796210868721,8.94496517680938,1.37066735500768,188.904639108166,251.490276353298,392.094074311383,-1.6725817575,20.0707412471326,NA,25,0,25,0,50,NA,NA,"Social marketing",1
"53","2022-04-11 12:00:00 SS/KUR/SG/082/FF","2022","Apr","11","KURUWITU","Social marketing",0.870603487048331,2.94714285714286,2,7,130.008120893233,19.4285714285714,473.05018751011,6.16871456634335,1.56229906962649,159.575393332536,569.275435889265,439.807838669832,0.532371693333333,11.4321808029095,NA,66.6666666666667,0,0,0,33.3333333333333,NA,NA,"Social marketing",1
"54","2022-04-13 11:00:00 SS/KUR/SG/082/FF","2022","Apr","13","KURUWITU","Social marketing",1.19631661540075,2.56111111111111,3,9,160.581795479712,19.1111111111111,583.488758009228,8.82844627608902,1.46562974585393,219.55909684837,515.342804142004,437.759731441635,-0.313416276666667,21.8196166499046,NA,33.3333333333333,0,33.3333333333333,0,33.3333333333333,NA,NA,"Social marketing",1
"55","2022-04-14 11:50:00 SS/KUR/SG/099/FF","2022","Apr","14","KURUWITU","Social marketing",1.69937189974441,2.74466666666667,5,15,225.15054795583,16.3333333333333,1115.91125959058,13.5789701028734,2.28601799563199,316.344947700312,862.501444320278,586.920531915869,-0.537396705714286,31.5249367973206,NA,57.1428571428571,0,14.2857142857143,0,28.5714285714286,NA,NA,"Social marketing",1
"56","2022-04-14 12:20:00 SS/KUR/SG/100/FF","2022","Apr","14","KURUWITU","Social marketing",1.04816340911739,2.58666666666667,4,9,129.856807832226,15.7777777777778,658.32494110405,8.54891720308785,1.09029260967715,197.449062389812,272.444472446974,266.709658191544,-4.23226569,21.8401401092356,NA,25,25,25,0,25,NA,NA,"Social marketing",1
"57","2022-04-17 12:00:00 SS/KUR/SG/043/FF","2022","Apr","17","KURUWITU","Social marketing",0.210105917743925,3.44,1,2,33.6169468390279,18,50.9581295678004,0.557126167586183,0.236367268609715,38.3990717824777,456.638896870434,140.557221848154,1.15264671,1.03573270717565,NA,0,0,0,0,100,NA,NA,"Social marketing",1
"58","2022-04-17 11:50:00 SS/KUR/SG/082/FF","2022","Apr","17","KURUWITU","Social marketing",1.34141898383995,3.02333333333333,6,10,157.900424449707,18.5,488.843345759513,6.08396297977125,1.74231103639534,177.332658162121,992.628958613117,460.863894880204,-2.83688996166667,13.5650003744044,NA,40,0,20,0,40,NA,NA,"Social marketing",1
"59","2022-04-18 12:00:00 SS/KUR/SG/100/FF","2022","Apr","18","KURUWITU","Social marketing",1.49652723144125,2.759166673,4,12,207.884141473423,16.3333333333333,1058.67048957485,14.2007143061429,2.29821279075143,278.854079131135,928.997826183404,463.843545005992,1.306431355,35.4888935221473,NA,50,0,0,0,50,NA,NA,"Social marketing",1
"60","2022-04-18 12:01:00 SS/KUR/SG/099/FF","2022","Apr","18","KURUWITU","Social marketing",1.69288671015294,2.5580000076,4,10,205.129310113952,16.5,1515.54597586479,16.447352427108,2.1836120991426,319.024804325566,568.316837406322,353.31737721948,0.4845971075,41.2390260874695,NA,75,0,0,0,25,NA,NA,"Social marketing",1
"61","2022-04-18 12:00:00 SS/KUR/SG/082/FF","2022","Apr","18","KURUWITU","Social marketing",1.47468157024774,2.92411764705882,7,17,246.077564804347,17.4117647058824,794.668911280807,10.8023710213513,2.93019771156754,270.756504288133,1264.02771506599,753.326255215405,-0.892157788571429,21.9918076185388,NA,42.8571428571429,0,0,0,57.1428571428571,NA,NA,"Social marketing",1
"62","2022-04-25 10:10:00 SS/KUR/SG/100/FF","2022","Apr","25","KURUWITU","Social marketing",0.459509330460191,2.162,2,5,55.1411196552229,18,185.676538403644,3.20745416428947,0.468439940617728,86.0149621821034,121.502241577679,184.50884921902,-6.393908065,6.93981099849068,NA,50,0,50,0,0,NA,NA,"Social marketing",1
"63","2022-04-26 11:00:00 SS/KUR/SG/099/FF","2022","Apr","26","KURUWITU","Social marketing",0.537581037618392,2.745,2,8,99.4813022626261,20.5,230.32060399186,4.05962766779623,1.11184092612649,98.0380799584486,270.389165731853,151.207051626645,0.11874694,8.52182326419321,NA,50,0,0,0,50,NA,NA,"Social marketing",1
"64","2022-04-27 11:22:00 SS/KUR/SG/082/FF","2022","Apr","27","KURUWITU","Social marketing",2.40203796351387,2.8192,7,25,323.915663213384,16.4,1489.04978716743,17.566564388532,3.83856990906347,441.45450411445,1484.41489602402,932.182893504192,0.797954343666667,39.2627581273977,NA,44.4444444444444,0,11.1111111111111,11.1111111111111,33.3333333333333,NA,NA,"Social marketing",1
"65","2022-04-27 10:40:00 SS/KUR/SG/054/FF","2022","Apr","27","KURUWITU","Social marketing",0.839019449078952,2.78,2,6,53.1362781940818,16.3333333333333,413.08802359401,4.329784654594,0.579625493687425,84.2337770243486,117.444681342354,90.0151422904682,-5.077394795,10.4018575201203,NA,100,0,0,0,0,NA,NA,"Social marketing",1
"66","2022-04-27 11:40:00 SS/KUR/SG/082/FF","2022","Apr","27","KURUWITU","Social marketing",2.40203796351387,2.8192,7,25,323.915663213384,16.4,1489.04978716743,17.566564388532,3.83856990906347,441.45450411445,1484.41489602402,932.182893504192,0.797954343666667,39.2627581273977,NA,44.4444444444444,0,11.1111111111111,11.1111111111111,33.3333333333333,NA,NA,"Social marketing",1
"67","2022-04-06 01:30:00 SS/KUR/SG/035/FF","2022","Apr","06","KURUWITU","Social marketing",4.18029763947411,2.11294118094118,2,17,819.953888954065,26.2352941176471,1836.61788530152,38.306103205266,11.1173395046776,755.118410855418,2073.76704656624,920.881791217205,4.28761089,76.8915053264834,NA,66.6666666666667,0,0,0,33.3333333333333,NA,NA,"Social marketing",1
"68","2022-04-06 01:30:00 SS/KUR/SG/049/FF","2022","Apr","06","KURUWITU","Social marketing",4.19224172248939,2,1,15,838.448344497878,28,1833.70281627595,38.9894764954484,11.5434531210564,762.932650452418,1131.16274863342,886.165017893386,2.2564563,71.5034164144872,NA,100,0,0,0,0,NA,NA,"Social marketing",1
"69","2022-04-06 01:30:00 SS/KUR/SG/038/FF","2022","Apr","06","KURUWITU","Social marketing",0.699778550783464,2.17,1,1,83.9734260940156,33,233.695465086018,4.36840080775801,0.726246981686083,132.415144145079,93.5400619234024,290.35461876915,8.38145364,7.48121420985535,0.699778550783464,0,100,0,0,0,NA,NA,"Social marketing",1
"70","2022-04-09 10:20:00 SS/KUR/SG/048/FF","2022","Apr","09","KURUWITU","Social marketing",0.429495922326726,3.43,1,1,85.8991844653451,28,266.735944312082,5.37406287910419,1.13384243010204,82.5089978731344,81.9008238732436,214.371517651102,4.19519058,12.1780581416855,NA,0,0,0,0,100,NA,NA,"Social marketing",1
"71","2022-04-09 11:00:00 SS/KUR/SG/034/FF","2022","Apr","09","KURUWITU","Social marketing",0.791606854831003,2.29571428571429,3,21,97.9376372974549,13,378.762022217204,6.15148094743742,0.766859684867606,147.303445966624,244.191570392838,265.783160666849,-6.65762042333333,14.4283958474757,NA,33.3333333333333,0,33.3333333333333,0,33.3333333333333,NA,NA,"Social marketing",1
"72","2022-04-06 10:20:00 SS/KAN/CO/013/FF","2022","Apr","06","KANAMAI","Control",3.01407703405754,2.44931034482759,3,29,378.713045718527,16.448275862069,2077.32677009291,25.7975785954795,3.94255687546266,565.874665397334,1010.83625108165,1009.10115702088,-1.2644186275,56.1985025016817,0.212797520395276,75,0,0,0,25,NA,NA,"Control",1
"73","2022-04-04 10:20:00 SS/KAN/CO/012/FF","2022","Apr","04","KANAMAI","Control",1.88097590889767,2.579230778,3,26,247.057090309743,15.6923076923077,1140.86518970621,14.0650817937933,2.97956274229802,349.967551808932,967.178415866328,849.344354669079,0.115828093749999,25.5926742485128,NA,50,0,0,0,50,NA,NA,"Control",1
"74","2022-04-13 10:20:00 SS/KAN/CO/013/FF","2022","Apr","13","KANAMAI","Control",2.84627583975165,2.40933333333333,3,30,358.576902401821,16.6666666666667,1733.28537168493,23.3779860130401,3.61792967212933,532.676473834577,961.105985651046,1056.55636341951,-0.144454030000001,49.0878074469269,NA,80,0,0,0,20,NA,NA,"Control",1
"75","2022-04-13 10:30:00 SS/KAN/CO/136/FF","2022","Apr","13","KANAMAI","Control",1.1202523652437,2.27,1,14,134.430283829244,16.5714285714286,573.389887839686,8.99477021680901,1.20231813263818,209.890406638823,283.982602168105,432.9248880897,-0.664595640000002,18.3439852572997,NA,100,0,0,0,0,NA,NA,"Control",1
"76","2022-04-12 10:25:00 SS/KAN/CO/084/FF","2022","Apr","12","KANAMAI","Control",1.97072173801358,2.4596,2,25,262.022311009062,16.8,1036.13463178542,15.001823235208,2.74300813324357,365.693473695308,848.154064754085,864.951837880187,-2.80096164,29.4464725849248,0.319196280592914,66.6666666666667,0,0,0,33.3333333333333,NA,NA,"Control",1
"77","2022-04-20 10:10:00 SS/KAN/CO/012/FF","2022","Apr","20","KANAMAI","Control",2.36649248551669,2.458571434,5,21,287.899111082628,16.8095238095238,1814.22922305001,20.5420712071749,3.2874354236674,444.175552777779,875.898579583775,759.011153096944,2.45272939583333,45.1702311977274,NA,66.6666666666667,0,0,0,33.3333333333333,NA,NA,"Control",1
"78","2022-04-20 10:10:00 SS/KAN/CO/013/FF","2022","Apr","20","KANAMAI","Control",1.79911740737459,2.28,3,23,224.405989700761,16.0434782608696,1155.73821315632,15.3677767120486,2.21148952586474,334.71648191744,584.813880388306,609.385796995149,1.29137110333333,35.3024582122456,NA,83.3333333333333,0,0,0,16.6666666666667,NA,NA,"Control",1
"79","2022-04-21 04:10:00 SS/KAN/CO/018/FF","2022","Apr","21","KANAMAI","Control",1.73135953880869,2,1,19,346.271907761738,17.7368421052632,757.30338860673,16.1023162575337,4.76734620637862,315.084579866502,467.160422617183,365.978480786939,-7.7435437,29.5302919682599,NA,100,0,0,0,0,NA,NA,"Control",1
"80","2022-04-27 09:30:00 SS/KAN/CO/012/FF","2022","Apr","27","KANAMAI","Control",1.15778587901455,3.01666668186667,3,15,156.244766072614,15.6666666666667,766.377551586702,8.38806131850711,2.10430917161807,215.02945622406,728.845119172752,553.555162684127,-1.322076253,14.1961325517559,NA,40,0,0,0,60,NA,NA,"Control",1
"81","2022-04-28 22:10:00 SS/KAN/CO/018/FF","2022","Apr","28","KANAMAI","Control",2.20676406776839,2.08904761361905,2,21,441.352813553677,18.952380952381,986.405654186062,20.8398478505651,6.07620920190457,402.633287348167,587.331923382419,493.086697884436,-7.4048890125,38.4677267586157,NA,75,0,0,0,25,NA,NA,"Control",1
"82","2022-04-06 04:25:00 SS/KAN/CO/018/FF","2022","Apr","06","KANAMAI","Control",3.19422048428472,2.02310344827586,2,29,586.374410109183,18.5172413793103,1248.01076710934,26.341363063531,7.75663231169824,587.176742238028,1006.86276501637,798.949220185429,-3.32666136,50.2118409036072,0.655871084347008,75,25,0,0,0,NA,NA,"Control",1
"83","2022-05-04 04:45:00 SS/KAN/CO/014/FF","2022","May","04","KANAMAI","Control",3.53277008728734,2,2,32,658.410164920494,18.46875,1554.69303904333,31.7433140719396,8.69105633224035,645.507438579423,917.29503327458,750.532122433145,-3.8630217975,63.051118543957,0.601798156712166,100,0,0,0,0,NA,NA,"Control",1
"84","2022-04-20 11:47:00 SS/TAK/CO/160/FF","2022","Apr","20","TAKAUNGU","Social marketing",0.770932973466297,2,1,15,154.186594693259,13.7333333333333,337.20907766876,7.16997612215011,2.1227851893522,140.299623853404,208.015357654625,162.96146010891,-13.7435437,13.149132392272,NA,100,0,0,0,0,NA,NA,"Social marketing",1
"85","2022-04-14 08:35:00 SS/TAK/CO/146/FF","2022","Apr","14","TAKAUNGU","Social marketing",0.71230101794257,NA,1,4.5,124.65267813995,18,356.150508971285,4.3806512603468,0.911745302966489,69.0931987404292,11.7173517451553,616.140380520323,-57.6,3.04508685170448,NA,NA,NA,NA,NA,NA,NA,NA,"Social marketing",2
"86","2022-04-01 11:46:00 SS/TAK/CO/166/FF","2022","Apr","01","TAKAUNGU","Social marketing",1.81628175454297,2.17,2,2,52.5747883860333,35.5,146.314020937019,2.73500509311268,0.454694814230788,82.9035863648031,58.5643481514422,181.787660081947,7.44072682,4.68390147036958,NA,0,100,0,0,0,NA,NA,"Social marketing",1
"87","2022-04-04 11:53:00 SS/TAK/CO/165/FF","2022","Apr","04","TAKAUNGU","Social marketing",0.0104414217968875,2.27,1,5,1.2529706156265,5,5.34433656089784,0.0838366360238421,0.0112063238127512,1.95630407471574,2.64688763372514,4.03511878498157,-13.66459564,0.170976909712381,NA,100,0,0,0,0,NA,NA,"Social marketing",1
"88","2022-05-21 03:58:00 SS/KAN/CO/140/FF","2022","May","21","KANAMAI","Control",6.55755989417122,2.365,4,18,1295.62491229985,29.9444444444444,2904.77706907093,57.4151462368779,17.5089198734898,1193.57133159866,2979.65117484232,1855.15118090387,4.55741125,105.508950969543,NA,40,0,0,0,60,NA,NA,"Control",1
"89","2022-05-14 04:38:00 SS/KAN/CO/140/FF","2022","May","14","KANAMAI","Control",6.11344120908815,2,1,14,1222.68824181763,33,2674.04293557425,56.8573780107575,16.8335288556639,1112.56559468261,1649.54633330986,1292.27227270301,7.2564563,104.271643057677,NA,100,0,0,0,0,NA,NA,"Control",1
"90","2022-05-16 23:10:00 SS/TAK/CO/144/FF","2022","May","16","TAKAUNGU","Social marketing",15.8611125744811,3.28741935483871,2,31,2317.05752816649,26.3870967741935,9535.23151210002,111.031468324369,21.7800316864967,3103.76606320883,7221.35227864501,5703.00817839264,8.945721575,228.405194377414,5.51801209376213,50,0,0,0,50,NA,NA,"Social marketing",1
"91","2022-05-16 23:55:00 SS/TAK/CO/195/FF","2022","May","16","TAKAUNGU","Social marketing",7.68683109281955,2,1,12,1537.36621856391,38,3362.24978333807,71.4905151127598,21.1659012631435,1398.90178272985,2074.08292813598,1624.85879007639,12.2564563,131.107584180839,NA,100,0,0,0,0,NA,NA,"Social marketing",1
"92","2022-05-15 23:47:00 SS/TAK/CO/195/FF","2022","May","15","TAKAUNGU","Social marketing",3.9127589409901,2,1,14,782.551788198019,28,1711.45596185755,36.3901780624185,10.7738895796526,712.07047375559,1055.75189872453,827.087350033826,2.2564563,66.7365219868547,NA,100,0,0,0,0,NA,NA,"Social marketing",1
"93","2022-05-13 23:30:00 SS/TAK/CO/174/FF","2022","May","13","TAKAUNGU","Social marketing",14.6222706988697,2.76538461538462,3,26,2596.93097591822,34.3461538461538,6344.53152620089,105.992891190055,29.37227682419,2793.5791938102,6228.3494842472,4929.36833759393,9.23684754333333,190.960480049551,0.115923978689258,66.6666666666667,0,0,0,33.3333333333333,NA,NA,"Social marketing",1
"94","2022-05-13 23:30:00 SS/TAK/CO/176/FF","2022","May","13","TAKAUNGU","Social marketing",14.4777149023085,2.38714285714286,3,21,2684.554136402,38,6182.35809611486,119.412813942273,33.7859574802874,2695.17759241482,4676.91196885082,4010.15993803571,13.3947142266667,216.388318596646,1.04611432294324,33.3333333333333,33.3333333333333,0,0,33.3333333333333,NA,NA,"Social marketing",1
"95","2022-05-11 23:50:00 SS/TAK/CO/176/FF","2022","May","11","TAKAUNGU","Social marketing",7.04626183508459,2,1,11,1409.25236701692,38,3082.06230139323,65.5329721866965,19.4020761578816,1282.32663416903,1901.24268412465,1489.45389090336,12.2564563,120.181952165769,NA,100,0,0,0,0,NA,NA,"Social marketing",1
"96","2022-05-10 23:50:00 SS/TAK/CO/176/FF","2022","May","10","TAKAUNGU","Social marketing",13.8967621478647,2.6965,2,20,2556.57795768053,38,6004.94059414649,108.181048484606,30.7681045288515,2621.52052130079,5347.28087302196,4227.10578616819,13.40134452,195.223372346481,NA,50,0,0,0,50,NA,NA,"Social marketing",1
"97","2022-05-07 23:30:00 SS/TAK/CO/195/FF","2022","May","07","TAKAUNGU","Social marketing",13.1531823408789,2,2,32,2500.80161204382,29.25,6506.10543093409,123.615770252876,33.6902313894953,2399.10566699613,3557.66815452393,2727.51888250897,9.082154945,242.230328088361,NA,100,0,0,0,0,NA,NA,"Social marketing",1
"98","2022-05-07 23:55:00 SS/TAK/CO/198/FF","2022","May","07","TAKAUNGU","Social marketing",17.0589007704016,3.29782608695652,2,23,2934.40628573944,38,7304.00698883782,113.516751506614,30.9071254716229,3302.6945956511,8026.34559682205,6369.32940106735,13.40134452,201.3839621575,NA,50,0,0,0,50,NA,NA,"Social marketing",1
"99","2022-05-05 15:18:00 SS/KAN/CO/031/FF","2022","May","05","KANAMAI","Control",7.74111557100559,2.8159999772,3,10,1131.30664489465,20.6666666666667,2076.61612088405,26.1311911718008,4.59502301435445,488.162236298897,654.865675570234,641.08200600781,0.367299515,58.6058021205861,NA,75,0,0,0,25,NA,NA,"Control",3
"100","2022-05-13 13:36:00 SS/KAN/CO/031/FF","2022","May","13","KANAMAI","Control",6.34840127314272,3.60285704514286,2,9.33333333333333,1269.68025462854,25.1428571428571,1365.89826000319,26.2583698033352,5.82316025711751,406.570271704351,402.352725410875,1001.17721953632,1.4928688,53.3413337368719,NA,33.3333333333333,0,0,0,66.6666666666667,NA,NA,"Control",3
"101","2022-05-16 13:48:00 SS/KAN/CO/031/FF","2022","May","16","KANAMAI","Control",4.22590750460311,3.52999990672727,2,7.33333333333333,845.181500920622,23.9090909090909,877.767577447423,17.0092522384293,3.87653545201665,269.105892694275,279.882076360988,626.86993063055,0.433765675,34.2749068129726,NA,50,0,0,0,50,NA,NA,"Control",3
"102","2022-05-31 11:16:00 SS/KUR/SG/009/FF","2022","May","31","KURUWITU","Social marketing",1.69121490245889,2.05666666666667,2,6,202.945788295066,23,654.423822316758,11.9174434894565,1.34435834417429,313.962750620215,307.994720653973,497.086862496928,1.431405726,31.5292926192851,NA,0,40,60,0,0,NA,NA,"Social marketing",1
"103","2022-05-31 10:03:00 SS/KUR/SG/078/FF","2022","May","31","KURUWITU","Social marketing",0.00556267024171094,2.78,1,1,0.667520429005313,5,5.18938668830483,0.0543925884228963,0.00728150091347082,1.05818037858537,1.47538982289452,1.13080833737053,-9.65478959,0.130672539181644,0.00556267024171094,100,0,0,0,0,NA,NA,"Social marketing",1
"104","2022-05-31 09:43:00 SS/KUR/SG/002/FF","2022","May","31","KURUWITU","Social marketing",0.194814175652299,3.85,1,6,38.9628351304598,9.83333333333333,116.461395571936,1.06278484910504,0.592321155093226,34.3393139622103,262.132109823367,138.370253735906,-8.07369364,1.46659203521647,0.194814175652299,0,0,0,0,100,NA,NA,"Social marketing",1
"105","2022-05-26 09:11:00 SS/KUR/SG/027/FF","2022","May","26","KURUWITU","Social marketing",0.722770371492293,2,1,3,144.554074298458,26.3333333333333,316.142568453622,6.72204521502913,1.99016813745547,131.534666103092,195.019985527585,152.780746336818,-0.2435437,12.3276648308768,NA,100,0,0,0,0,NA,NA,"Social marketing",1
"106","2022-05-26 07:18:00 SS/KUR/SG/012/FF","2022","May","26","KURUWITU","Social marketing",0.632125728349514,2.18,2,3,75.8550874019416,23,368.693433679295,5.3147053132122,0.6926868470471,118.197881195577,162.752494162966,220.218479222395,6.52622077,11.7076609412458,NA,100,0,0,0,0,NA,NA,"Social marketing",1
"107","2022-05-24 04:37:00 SS/KUR/SG/032/FF","2022","May","24","KURUWITU","Social marketing",0.30194104610649,3.99,1,2,48.3105673770384,20.5,128.082310416905,1.66617857178219,0.424954992632438,59.9637751615136,168.084832980059,133.73900106165,-2.95376726,2.88368613409671,NA,0,0,0,0,100,NA,NA,"Social marketing",1
"108","2022-05-24 12:18:00 SS/KUR/SG/083/FF","2022","May","24","KURUWITU","Social marketing",0.0346586209851373,2.27,1,1,4.15903451821647,13,17.7396660037606,0.278282234847116,0.037197590253335,6.4936368605915,8.78591795945573,13.3939280798303,-5.66459564,0.567530363795653,NA,100,0,0,0,0,NA,NA,"Social marketing",1
"109","2022-05-22 12:43:00 SS/KUR/SG/012/FF","2022","May","22","KURUWITU","Social marketing",0.863139796840096,2,1,4,103.576775620812,20.5,365.385398906648,6.55852490002996,0.542244074068123,158.11521227479,185.881734206137,182.031971031368,1.79804045,20.8012953297887,NA,0,0,100,0,0,NA,NA,"Social marketing",1
"110","2022-05-22 02:13:00 SS/KUR/SG/027/FF","2022","May","22","KURUWITU","Social marketing",1.06148994826929,2,1,10,212.297989653858,19,464.299827261437,9.87226885467481,2.92284182722247,193.177157537757,286.414278329839,224.380014624523,-7.7435437,18.1049096915674,NA,100,0,0,0,0,NA,NA,"Social marketing",1
"111","2022-05-19 12:58:00 SS/KUR/SG/009/FF","2022","May","19","KURUWITU","Social marketing",0.408099120680308,2.3025,3,4,48.971894481637,16.75,186.758203695685,2.65545537291343,0.473757278011348,77.0216543539578,158.865668638312,136.675053639523,0.0557478699999994,6.74045225473526,NA,66.6666666666667,33.3333333333333,0,0,0,NA,NA,"Social marketing",1
"112","2022-05-19 10:18:00 SS/KUR/SG/002/FF","2022","May","19","KURUWITU","Social marketing",0.860059125286248,2.78,1,6,103.20709503435,13.8333333333333,802.344770043889,8.40978163153932,1.12581207123371,163.608060743374,228.113913893376,174.837261107565,0.0118770766666666,20.2036261119318,NA,100,0,0,0,0,NA,NA,"Social marketing",1
"113","2022-05-19 12:18:00 SS/KUR/SG/008/FF","2022","May","19","KURUWITU","Social marketing",1.12411615576372,3.165,2,2,189.773372228722,30.5,392.709825715544,6.31757273793843,1.59736580773469,210.844987378296,1210.49188040579,467.501359899414,8.63757378,9.41806454730159,NA,0,50,0,0,50,NA,NA,"Social marketing",1
"114","2022-05-17 02:18:00 SS/KUR/SG/027/FF","2022","May","17","KURUWITU","Social marketing",1.35305260365792,2.47888888888889,3,9,245.935276567911,20.2222222222222,479.263223647616,8.61612332769915,2.71632639970565,247.136223712017,1536.05611057915,580.272575770747,-2.78835785,16.0674468180412,NA,50,0,0,0,50,NA,NA,"Social marketing",1
"115","2022-05-17 05:13:00 SS/KUR/SG/032/FF","2022","May","17","KURUWITU","Social marketing",0.041621716937749,3.43,1,1,8.32434338754979,13,25.8489252031481,0.5207912632744,0.109878735104303,7.99580618993746,7.93686908540053,20.7743779704672,-10.80480942,1.18015483378466,NA,0,0,0,0,100,NA,NA,"Social marketing",1
"116","2022-05-14 09:48:00 SS/KUR/SG/002/FF","2022","May","14","KURUWITU","Social marketing",0.00556267024171094,2.78,1,1,0.667520429005313,5,5.18938668830483,0.0543925884228963,0.00728150091347082,1.05818037858537,1.47538982289452,1.13080833737053,-9.65478959,0.130672539181644,NA,100,0,0,0,0,NA,NA,"Social marketing",1
"117","2022-05-14 12:03:00 SS/KUR/SG/008/FF","2022","May","14","KURUWITU","Social marketing",1.49432629750743,2.1525,3,4,179.319155700892,25.5,538.87800162009,9.85054674314585,1.44500822663557,280.987323319426,232.303751121292,563.149890253748,3.2240880225,20.0578438002657,NA,25,50,25,0,0,NA,NA,"Social marketing",1
"118","2022-05-14 10:18:00 SS/KUR/SG/027/FF","2022","May","14","KURUWITU","Social marketing",1.96588888939885,2.44222222222222,3,9,331.284428348576,23.5555555555556,750.5447040425,14.491979800013,3.81560310329441,367.89478446293,663.874648932243,635.373173968331,-1.876897685,28.1060160153882,NA,50,0,16.6666666666667,0,33.3333333333333,NA,NA,"Social marketing",1
"119","2022-05-12 12:23:00 SS/KUR/SG/008/FF","2022","May","12","KURUWITU","Social marketing",1.63910498174008,2.20571428571429,2,7,200.894716163688,20.8571428571429,674.875851227125,11.934981229214,1.08191004543517,300.216541623507,558.685689705847,393.802696373091,-0.331038298000001,37.4878557988214,NA,0,0,80,0,20,NA,NA,"Social marketing",1
"120","2022-05-12 01:16:00 SS/KUR/SG/008/FF","2022","May","12","KURUWITU","Social marketing",1.63910498174008,2.20571428571429,2,7,200.894716163688,20.8571428571429,674.875851227125,11.934981229214,1.08191004543517,300.216541623507,558.685689705847,393.802696373091,-0.331038298000001,37.4878557988214,NA,0,0,80,0,20,NA,NA,"Social marketing",1
"121","2022-05-12 12:23:00 SS/KUR/SG/027/FF","2022","May","12","KURUWITU","Social marketing",0.443287589993,2,1,2,88.6575179986,25.5,193.895714035225,4.12274678199923,1.22060459605171,80.6724894062642,119.609135618691,93.703078477259,-0.2435437,7.56077040324436,NA,100,0,0,0,0,NA,NA,"Social marketing",1
"122","2022-05-10 12:11:00 SS/KUR/SG/012/FF","2022","May","10","KURUWITU","Social marketing",0.0406071280639629,3.85,1,1,8.12142561279257,13,24.2752499332388,0.221527208312977,0.123463607919341,7.15769740586455,54.6388994416517,28.84193922174,-7.07369364,0.305696905228879,0.0406071280639629,0,0,0,0,100,NA,NA,"Social marketing",1
"123","2022-05-10 11:41:00 SS/KUR/SG/027/FF","2022","May","10","KURUWITU","Social marketing",1.42537594019796,2.24875,2,8,271.333278723043,21.75,618.927578723215,11.9571961870943,3.46235646362556,265.105078806112,483.1484895672,380.847045078415,-2.285588412,21.7328522095548,NA,80,0,0,0,20,NA,NA,"Social marketing",1
"124","2022-05-10 10:53:00 SS/KUR/SG/002/FF","2022","May","10","KURUWITU","Social marketing",0.252656406337753,2.892,3,5,33.5673390056474,10.8,184.105946211844,2.13718315218268,0.3797657888289,47.2367446528473,109.822360199002,88.4744289862027,-4.761967115,4.64490199731061,NA,75,0,0,0,25,NA,NA,"Social marketing",1
"125","2022-05-07 12:03:00 SS/KUR/SG/027/FF","2022","May","07","KURUWITU","Social marketing",0.836220090377258,2.23125,2,8,167.244018075452,18,372.279450605433,7.62103681368183,2.31420582674224,151.948753421485,269.313482844318,197.020308136476,-5.609573688,13.875774375683,NA,80,0,0,0,20,NA,NA,"Social marketing",1
"126","2022-05-07 11:18:00 SS/KUR/SG/012/FF","2022","May","07","KURUWITU","Social marketing",1.14618843737937,2.31,3,6,137.542612485525,20.5,590.425845580239,9.18808735741506,1.04081822959333,213.046906919189,273.391557959782,337.687002171677,2.203514895,23.2958189911234,NA,75,0,25,0,0,NA,NA,"Social marketing",1
"127","2022-05-07 11:39:00 SS/KUR/SG/008/FF","2022","May","07","KURUWITU","Social marketing",0.266201151954325,2,1,1,31.9441382345189,23,112.68859859356,2.02271623889975,0.167233625057937,48.7643505758189,57.3278302704749,56.1405238855455,1.79804045,6.41533248635238,NA,0,0,100,0,0,NA,NA,"Social marketing",1
"128","2022-05-05 12:41:00 SS/KUR/SG/027/FF","2022","May","05","KURUWITU","Social marketing",1.77694171652777,2.26666666666667,3,6,271.699197470096,23,676.666648522179,13.4610900771324,3.09330812181507,331.372447793224,333.735424617187,600.517643237919,0.522389205,24.1191673054969,1.04611432294324,50,25,0,0,25,NA,NA,"Social marketing",1
"129","2022-05-05 12:31:00 SS/KUR/SG/009/FF","2022","May","05","KURUWITU","Social marketing",3.5145833062943,2.66333333333333,3,6,451.341592455176,28,1567.31153389413,24.7765530591755,3.85150596055052,663.443294187085,995.536435809863,930.736860801308,6.28951875,67.5862451354651,NA,40,0,20,0,40,NA,NA,"Social marketing",1
"130","2022-05-13 10:30:00 SS/KAN/CO/044/FF","2022","May","13","KANAMAI","Control",0.243642768383777,3.85,1,6,48.7285536767554,13,145.651499599433,1.32916324987786,0.740781647516044,42.9461844351873,327.83339664991,173.05163533044,-7.07369364,1.83418143137327,NA,0,0,0,0,100,NA,NA,"Control",1
"131","2022-04-05 09:30:00 SS/KUR/SG/043/FF","2022","Apr","05","KURUWITU","Social marketing",0.451116791096825,2.27,1,5,54.134014931619,18,230.899585017468,3.62212301687706,0.484164028303809,84.5212111686242,114.357553879864,174.335437585523,-0.664595640000002,7.38697816844182,NA,100,0,0,0,0,NA,NA,"Social marketing",1
"132","2022-05-09 11:10:00 SS/KUR/SG/065/FF","2022","May","09","KURUWITU","Social marketing",1.61424713761454,2.51857142857143,2,14,220.591219460512,19.0714285714286,862.930899548473,14.4676312691963,2.25893668728051,304.040204012296,388.104889128082,661.690146752673,-0.711333566666668,30.4584092266564,NA,66.6666666666667,0,0,0,33.3333333333333,NA,NA,"Social marketing",1
"133","2022-05-10 10:25:00 SS/KUR/SG/082/FF","2022","May","10","KURUWITU","Social marketing",0.868895523227605,2.7320000228,4,10,118.730241017585,15,569.313047189722,7.58433391698538,1.20255007970883,155.569600462188,1076.74606118366,210.063185796199,-0.14974387,23.9148471321573,NA,50,0,25,0,25,NA,NA,"Social marketing",1
"134","2022-05-15 12:20:00 SS/KUR/SG/054/FF","2022","May","15","KURUWITU","Social marketing",2.10562529821425,2.65318182163636,6,22,297.374387432783,16.4090909090909,1293.68402172023,18.3515247516426,3.08678445912038,391.520989603377,1481.36126546008,777.274313276645,0.381037619999999,44.5471441028126,NA,50,0,0,0,50,NA,NA,"Social marketing",1
"135","2022-05-15 12:30:00 SS/KUR/SG/065/FF","2022","May","15","KURUWITU","Social marketing",0.544732286737511,3.022,2,5,69.4450731466411,14,456.326351170187,4.8922571353966,0.723082799514945,104.476489266956,174.187154563852,135.163068797977,-3.554278425,11.3753390671591,NA,50,0,0,0,50,NA,NA,"Social marketing",1
"136","2022-05-15 12:40:00 SS/KUR/SG/099/FF","2022","May","15","KURUWITU","Social marketing",1.95459401073235,2.43451612903226,5,31,240.577460233671,14.6129032258065,1251.6106982516,16.288888742555,2.01608102060714,365.190003678308,582.190810835856,530.207381899072,-0.326490722000001,41.187885367769,NA,60,0,20,0,20,NA,NA,"Social marketing",1
"137","2022-05-16 12:20:00 SS/KUR/SG/065/FF","2022","May","16","KURUWITU","Social marketing",1.78703940507514,2.54,4,18,220.470907554807,17.4444444444444,1076.98153218135,14.530872191836,1.7441139937339,333.115238981276,531.870551641986,480.115253746455,0.614923199999999,37.6987297256009,NA,50,0,25,0,25,NA,NA,"Social marketing",1
"138","2022-05-16 12:50:00 SS/KUR/SG/043/FF","2022","May","16","KURUWITU","Social marketing",1.23255828724896,2.85285714285714,6,8,209.755651675155,18.625,669.770408918268,9.90331899844918,2.16466104155405,233.70187453088,832.862024937538,478.668318854444,-2.40913061,18.1268355505032,NA,33.3333333333333,16.6666666666667,0,0,50,NA,NA,"Social marketing",1
"139","2022-05-18 12:10:00 SS/KUR/SG/043/FF","2022","May","18","KURUWITU","Social marketing",0.895225042088033,2.56888888888889,3,9,116.38752603282,16.3333333333333,610.27659565507,8.27094172814998,1.21457335065739,169.213733281256,223.799650982296,297.751879254607,-2.70806488333333,18.3642380580507,NA,66.6666666666667,0,0,0,33.3333333333333,NA,NA,"Social marketing",1
"140","2022-05-27 10:50:00 SS/KUR/SG/100/FF","2022","May","27","KURUWITU","Social marketing",1.50754540475065,2.25294117647059,3,17,297.306962595252,18,680.072527947012,14.0418399230765,3.95453960398466,276.701611800251,589.017335879598,431.198280376805,-4.13190213666667,26.9698971104546,NA,33.3333333333333,0,0,0,66.6666666666667,NA,NA,"Social marketing",1
"141","2022-05-28 11:00:00 SS/KUR/SG/054/FF","2022","May","28","KURUWITU","Social marketing",2.51859085954848,2.73080000608,6,25,439.656620992526,17.2,1433.00986948615,25.8431157542111,5.33540521531166,467.719712676323,1144.79673363101,840.166000935767,-2.3578881,62.6682033517364,NA,50,0,16.6666666666667,0,33.3333333333333,NA,NA,"Social marketing",1
"142","2022-05-21 11:30:00 SS/KUR/SG/036/FF","2022","May","21","KURUWITU","Social marketing",0.980459578287115,2.93,3,7,103.000748447827,17.2857142857143,489.626902882599,6.50994935762519,1.4150412747072,190.533268453172,606.045177169568,410.972706561553,0.767194083333333,10.8216356610141,NA,33.3333333333333,0,0,33.3333333333333,33.3333333333333,NA,NA,"Social marketing",1
"143","2022-05-21 11:30:00 SS/KUR/SG/034/FF","2022","May","21","KURUWITU","Social marketing",2.21829714550894,2.508125,4,16,264.784776683054,18.3125,1049.28446240385,16.601624900373,2.21644295175847,416.468361944186,717.071842451049,737.132174567895,-0.312994588000001,39.5009685132391,NA,40,0,20,20,20,NA,NA,"Social marketing",1
"144","2022-05-21 12:20:00 SS/KUR/SG/038/FF","2022","May","21","KURUWITU","Social marketing",0.231406007367676,2.72,2,2,31.9708392389996,18,78.96699245992,1.23865045062245,0.197561496428779,42.3456579419265,255.530247731691,96.9258522489464,-1.02465642,3.56292010641041,0.231406007367676,0,0,50,0,50,NA,NA,"Social marketing",1
"145","2022-05-18 11:00:00 SS/KUR/SG/034/FF","2022","May","18","KURUWITU","Social marketing",0.507352541407419,2.995,2,2,87.7285989649354,25.5,217.380577571329,3.41922197215304,0.934553734330945,98.0369393285284,235.444769260473,186.793296399847,0.90134452,6.0749265203405,NA,50,0,0,0,50,NA,NA,"Social marketing",1
"146","2022-05-18 12:20:00 SS/KUR/SG/037/FF","2022","May","18","KURUWITU","Social marketing",2.49457093734443,3.98,1,1,0,48,706.602554126019,36.6664322132751,9.12425723607415,474.210715651427,3137.44190179729,263.435522762519,16.91014134,19.5158396773143,NA,0,0,0,0,100,NA,NA,"Social marketing",1
"147","2022-05-15 11:00:00 SS/KUR/SG/048/FF","2022","May","15","KURUWITU","Social marketing",0.47394766071812,3.40666666666667,2,6,26.5681390970409,13,365.152357904583,4.1867938802163,0.713357428992635,90.0780850886507,284.822942313467,143.93069041313,-4.11742222,8.04068832383635,NA,50,0,0,50,0,NA,NA,"Social marketing",1
"148","2022-05-15 11:30:00 SS/KUR/SG/033/FF","2022","May","15","KURUWITU","Social marketing",0.92487670665103,2.688,2,5,95.8324147035568,19,417.369968834467,7.07909949315891,0.713473216248271,170.273650015695,285.03379163257,217.883131290584,-2.3910072,20.6658772409452,0.798603455862974,0,0,50,50,0,NA,NA,"Social marketing",1
"149","2022-05-11 11:30:00 SS/KUR/SG/038/FF","2022","May","11","KURUWITU","Social marketing",0.00771875714423306,2,1,3,0.926250857307967,5,3.26751375447426,0.0586505930013503,0.00484909899410738,1.41396901038043,1.66227529901724,1.62784821418389,-16.20195955,0.186018704645423,NA,0,0,100,0,0,NA,NA,"Social marketing",1
"150","2022-05-11 10:30:00 SS/KUR/SG/034/FF","2022","May","11","KURUWITU","Social marketing",0.465045051880137,2.63222222222222,3,9,66.3797454539903,13.5555555555556,211.123431885343,3.14753634010077,0.567481040257091,86.1984199120611,226.729110747468,162.28331375225,-6.90980681666667,8.37856322106134,0.281900827298715,0,0,33.3333333333333,0,66.6666666666667,NA,NA,"Social marketing",1
"151","2022-05-08 01:00:00 SS/KUR/SG/096/FF","2022","May","08","KURUWITU","Social marketing",2.40483413039599,3.99,1,7,384.773460863358,28,1020.12202568151,13.2704153622859,3.384588757781,477.586386333645,1338.72538485474,1065.17520047503,4.54623274,22.9673538131004,NA,0,0,0,0,100,NA,NA,"Social marketing",1
"152","2022-05-08 01:00:00 SS/KUR/SG/095/FF","2022","May","08","KURUWITU","Social marketing",5.41089305935785,3.80909090909091,2,11,841.670963228769,31.1818181818182,2312.67536467452,31.021803386968,7.38891490911332,1067.16814685358,2803.58332853171,2261.07345256821,7.29033646333333,58.9893144164966,0.601798156712166,33.3333333333333,0,0,0,66.6666666666667,NA,NA,"Social marketing",1
"153","2022-05-08 06:00:00 SS/KUR/SG/038/FF","2022","May","08","KURUWITU","Social marketing",2.60940093974326,2.82916666666667,2,12,481.877972418054,24.6666666666667,1128.15391072771,20.4860692339255,5.83886576358347,491.48495951015,990.950055557772,783.142276062043,-0.31361822,37.0002285726551,NA,66.6666666666667,0,0,0,33.3333333333333,NA,NA,"Social marketing",1
"154","2022-05-08 06:00:00 SS/KUR/SG/035/FF","2022","May","08","KURUWITU","Social marketing",4.83477891525832,2.66333333333333,2,15,866.849263360155,28,2081.69724351918,35.4998410091677,9.94381959026826,921.428953147413,2022.44309240961,1601.47427003801,3.40134452,63.6785382349753,0.343547732913712,50,0,0,0,50,NA,NA,"Social marketing",1
"155","2022-05-05 03:00:00 SS/KUR/SG/036/FF","2022","May","05","KURUWITU","Social marketing",5.71677364698227,3.32333333333333,3,6,129.525468246441,31.3333333333333,1726.19079316715,78.5871733064481,19.713591955054,1087.48418255954,6585.9650945313,773.30401586872,4.57094346,48.4398404799682,0.400022155305988,33.3333333333333,0,0,0,66.6666666666667,NA,NA,"Social marketing",1
"156","2022-05-05 03:00:00 SS/KUR/SG/049/FF","2022","May","05","KURUWITU","Social marketing",2.20937878443728,2.597,2,10,417.874427569096,25,958.465945046256,18.2786570519664,5.27587038997363,412.042833672338,768.26533604065,605.96012695376,-0.31361822,33.1798193985393,0.600033232958983,66.6666666666667,0,0,0,33.3333333333333,NA,NA,"Social marketing",1
"157","2022-05-09 12:40:00 SS/KUR/SG/020/FF","2022","May","09","KURUWITU","Social marketing",1.95498828957469,2.68571428571429,4,11,172.267099955619,20.1818181818182,537.211049528346,8.20447942104391,1.49295901893004,217.498033966069,878.67708989653,459.537762386537,-1.2314228275,15.2362914939114,0.741920980033374,66.6666666666667,0,0,0,33.3333333333333,NA,NA,"Social marketing",1
"158","2022-05-17 14:00:00 SS/KUR/SG/029/FF","2022","May","17","KURUWITU","Social marketing",0.664203477426022,2.78,1,6,79.7044172911227,13,619.632035391015,6.494676981891,0.869438240531138,126.350665536523,176.167022013531,135.022713435702,-1.65478959,15.6027862801805,NA,100,0,0,0,0,NA,NA,"Social marketing",1
"159","2022-05-08 02:10:00 SS/KAN/CO/140/FF","2022","May","08","KANAMAI","Control",2.84964365669174,2.64333331433333,3,6,556.186822021799,33,1433.68287563292,28.0683515315403,7.38251733010287,533.650978423342,794.000266074721,923.154194642357,8.47125469666667,53.5380471974028,NA,33.3333333333333,0,0,0,66.6666666666667,NA,NA,"Control",1
"160","2022-04-11 12:37:00 SS/MAY/SB/026/FF","2022","Apr","11","MAYUNGU","Social Marketing + Traps: Control",7.01806216411217,2.375,4,16.5,1114.39721761178,29.8181818181818,2819.16542156887,61.2676605868015,14.6686162503394,1267.0409753849,2411.31232710379,1603.17170981708,7.959840375,142.618466640058,NA,50,0,25,0,25,"Control",15,"Social Marketing + Traps",2
"161","2022-04-04 12:37:00 SS/MAY/SB/027/FF","2022","Apr","4","MAYUNGU","Social Marketing + Traps: Experimental",5.54318103727444,2,1,15,1108.63620745489,30.6666666666667,2424.60892096218,51.5537368953264,15.2633017562046,1008.78577158812,1495.67708957696,1171.72945842582,7.2564563,94.5452118953112,NA,100,0,0,0,0,"Experimental",8,"Social Marketing + Traps",2
"162","2022-04-04 12:51:00 SS/MAY/SB/035/FF","2022","Apr","4","MAYUNGU","Social Marketing + Traps: Experimental",12.0135181484029,2.04,2,18,1926.07593841328,35.7777777777778,4037.69076651468,88.515470885478,22.9693166582656,2239.56198772732,2826.7498177423,4114.7257006186,11.5369138233333,170.135905308908,NA,66.6666666666667,0,0,33.3333333333333,0,"Experimental",4,"Social Marketing + Traps",1
"163","2022-04-27 08:00:00 SS/UYO/SB/090/FF","2022","Apr","27","UYOMBO","Social Marketing + Traps: Control",3.80691834689031,2.0675,2,20,679.772361574392,23.5,1741.09615808134,34.1090638829817,8.76834060344136,698.290238002026,1010.54078662628,983.311564869222,-0.973806685,64.2363090236271,0.84177101523021,100,0,0,0,0,"Control",6,"Social Marketing + Traps",2
"164","2022-04-27 08:00:00 SS/UYO/SB/085/FF","2022","Apr","27","UYOMBO","Social Marketing + Traps: Control",1.76343820895733,2,1,9,352.687641791466,24.3888888888889,771.334723555376,16.4006603508754,4.85567570872104,320.922474353406,475.815981885912,372.759338663947,-0.2435437,30.0774299105584,NA,100,0,0,0,0,"Control",8,"Social Marketing + Traps",2
"165","2022-04-27 08:00:00 SS/UYO/SB/094/FF","2022","Apr","27","UYOMBO","Social Marketing + Traps: Control",2.2681615309723,2.108,4,13,277.240170390069,21.4615384615385,913.379285419216,18.4834390504094,3.23741009628517,390.491343767565,525.783985963145,635.244317319059,1.31203454,43.4400569469644,NA,60,0,40,0,0,"Control",8,"Social Marketing + Traps",1
"166","2022-04-07 12:52:00 SS/MAY/SB/002/FF","2022","Apr","7","MAYUNGU","Social Marketing + Traps: Control",5.01532238468476,2.66333333333333,3,10,858.197773051948,31.6666666666667,1950.82513294632,39.7141809361247,9.89346155128924,939.739440634832,1798.56349728366,1321.62719247188,5.26704249,80.3900669286388,NA,33.3333333333333,0,33.3333333333333,0,33.3333333333333,"Control",12,"Social Marketing + Traps",3
"167","2022-04-07 12:52:00 SS/MAY/SB/015/FF","2022","Apr","7","MAYUNGU","Social Marketing + Traps: Experimental",1.67065589844336,2.75,2,4.66666666666668,304.56931461751,29.4285714285714,663.310955701616,10.9593265156156,3.46948855651003,304.799407383392,1977.74223640898,663.161572225228,10.479076195,19.9201851950894,NA,50,0,0,0,50,"Experimental",12,"Social Marketing + Traps",3
"168","2022-04-07 12:58:00 SS/MAY/SB/070/FF","2022","Apr","7","MAYUNGU","Social Marketing + Traps: Experimental",5.26749081793844,2.4975,3,8.5,960.637860293228,35.0588235294118,2249.49582067109,43.729126127978,12.0724343171239,974.956719759488,1834.82211082607,1288.28477466993,9.64982935,86.5937138764636,NA,75,0,0,0,25,"Experimental",16,"Social Marketing + Traps",4
"169","2022-04-07 12:57:00 SS/MAY/SB/082/FF","2022","Apr","7","MAYUNGU","Social Marketing + Traps: Experimental",4.02748647145336,2,1,7.66666666666668,805.497294290672,35.1739130434783,1761.63822939864,37.457188661636,11.089794996674,732.949369747356,1086.70801177654,851.338700699136,9.7564563,68.6933295680856,NA,100,0,0,0,0,"Experimental",12,"Social Marketing + Traps",3
"170","2022-04-07 12:53:00 SS/MAY/SB/058/FF","2022","Apr","7","MAYUNGU","Social Marketing + Traps: Experimental",4.03932452926,2.66333333333333,2,7.33333333333332,784.487211705764,34.8181818181818,1722.90684962525,34.9508125545724,10.3307490515734,743.926331734848,1394.34281657095,967.380051670272,6.94025783,64.4916408656896,NA,66.6666666666667,0,0,0,33.3333333333333,"Experimental",12,"Social Marketing + Traps",3
"171","2022-04-11 12:54:00 SS/MAY/SB/082/FF","2022","Apr","11","MAYUNGU","Social Marketing + Traps: Experimental",2.62004623246635,2,1,6,524.009246493272,33,1146.0184009604,24.367447718896,7.21436950957028,476.813826292548,706.948428561368,553.830974015576,7.2564563,44.6878470247188,NA,100,0,0,0,0,"Experimental",12,"Social Marketing + Traps",3
"172","2022-04-11 12:52:00 SS/MAY/SB/070/FF","2022","Apr","11","MAYUNGU","Social Marketing + Traps: Experimental",3.39693492285542,2.476666689,2,6.25,679.386984571084,35,1424.20386404603,30.5779857178826,8.7723815469264,625.217978389824,921.506622147536,812.686202718888,6.99110848333333,59.2329332922052,NA,66.6666666666667,0,0,0,33.3333333333333,"Experimental",16,"Social Marketing + Traps",4
"173","2022-04-11 12:57:00 SS/MAY/SB/025/FF","2022","Apr","11","MAYUNGU","Social Marketing + Traps: Experimental",2.78428389142925,2.5,2,7.66666666666668,534.685379482476,30.1739130434783,1167.27627247232,22.4611050157261,6.81857105256672,507.274478595496,1896.48429102469,821.058949028612,9.40486956333333,41.058052523256,NA,66.6666666666667,0,0,0,33.3333333333333,"Experimental",12,"Social Marketing + Traps",3
"174","2022-04-11 12:17:00 SS/MAY/SB/033/FF","2022","Apr","11","MAYUNGU","Social Marketing + Traps: Control",12.2147864386672,2.375,2,43,2404.2623708541,27.6511627906977,5254.51909582797,107.60934621785,32.1537135081282,2223.92741454891,5294.54009136784,2987.78058106874,5.1177662475,197.113097754108,NA,75,0,0,0,25,"Control",15,"Social Marketing + Traps",1
"175","2022-04-14 12:59:00 SS/MAY/SB/028/FF","2022","Apr","14","MAYUNGU","Social Marketing + Traps: Experimental",2.42858013568784,2.04,3,5,404.964953022748,32.25,917.941930075552,21.2070204667753,5.38932095173212,441.116132676032,604.745383439832,602.681814963612,8.79225209333333,45.4907683138676,NA,33.3333333333333,0,33.3333333333333,33.3333333333333,0,"Experimental",16,"Social Marketing + Traps",4
"176","2022-04-09 13:04:00 SS/MAY/SB/028/FF","2022","Apr","9","MAYUNGU","Social Marketing + Traps: Experimental",3.59200810381891,2,3,13.25,641.277613679812,27.5283018867925,1586.28979616242,31.6243894774875,8.23023534994932,657.846975806916,911.652469253336,765.321902158668,5.269190652,65.7443806362212,NA,100,0,0,0,0,"Experimental",16,"Social Marketing + Traps",4
"177","2022-04-21 12:52:00 SS/MAY/SB/035/FF","2022","Apr","21","MAYUNGU","Social Marketing + Traps: Experimental",13.108932929942,2.8725,3,24,2529.48210474632,34.6666666666667,5551.58969643272,110.634927754337,32.8728496368549,2412.69208004878,5595.63274034092,3344.12232686677,9.880617395,203.945799928425,NA,50,0,0,0,50,"Experimental",4,"Social Marketing + Traps",1
"178","2022-04-18 12:43:00 SS/MAY/SB/065/FF","2022","Apr","18","MAYUNGU","Social Marketing + Traps: Experimental",10.6362194986848,2.21428571428571,3,31.5,2107.89644129728,29.9047619047619,4608.18575699228,95.9245167294592,28.5471047287098,1936.150303722,3869.25100989038,2451.20327164132,6.1298092925,175.800794976734,NA,85.7142857142857,0,0,0,14.2857142857143,"Experimental",16,"Social Marketing + Traps",2
"179","2022-04-21 12:43:00 SS/MAY/SB/042/FF","2022","Apr","21","MAYUNGU","Social Marketing + Traps: Experimental",7.03386418971624,2.375,2,17,1387.2117412044,31.8235294117647,3058.68076523351,62.7403311409732,19.1912722480899,1274.73416632647,3203.89703442006,1679.7622084454,9.88781477,115.032968036731,NA,75,0,0,0,25,"Experimental",4,"Social Marketing + Traps",1
"180","2022-04-21 12:50:00 SS/MAY/SB/033/FF","2022","Apr","21","MAYUNGU","Social Marketing + Traps: Experimental",8.97279101347544,2,1,23,1794.55820269509,31.2608695652174,3924.73364858724,83.4504419059908,24.706827345725,1632.92951194652,2421.06434160699,1896.68774735834,7.2564563,153.041082720708,NA,100,0,0,0,0,"Experimental",4,"Social Marketing + Traps",1
"181","2022-04-21 13:22:00 SS/MAY/SB/028/FF","2022","Apr","21","MAYUNGU","Social Marketing + Traps: Experimental",2.43345583251643,2.5,2,8.25,475.6054671016,27.5454545454545,1039.11287582772,20.9151761534992,6.27657201220288,443.142619998664,1229.2124607654,630.644630131432,7.73820289666667,38.2898104422608,NA,66.6666666666667,0,0,0,33.3333333333333,"Experimental",16,"Social Marketing + Traps",4
"182","2022-04-18 11:00:00 SS/UYO/SB/085/FF","2022","Apr","18","UYOMBO","Social Marketing + Traps: Control",1.72708665203552,2.5,2,9,338.96817759388,24.1111111111111,740.721753516916,15.0637580014825,4.50890776317856,314.47322651006,799.12603279086,432.707420457712,4.40486956333333,27.5867667640991,NA,66.6666666666667,0,0,0,33.3333333333333,"Control",8,"Social Marketing + Traps",2
"183","2022-04-04 15:30:00 SS/UYO/SB/100/FF","2022","Apr","4","UYOMBO","Social Marketing + Traps: Experimental",2.9392083214573,2,1,13,587.841664291458,25.6923076923077,1285.62113862975,27.3357791250252,8.093191117714,534.897113134414,793.065663621038,621.296138723112,-0.2435437,50.1315168470986,1.96565770192449,100,0,0,0,0,"Experimental",4,"Social Marketing + Traps",2
"184","2022-04-04 15:30:00 SS/UYO/SB/095/FF","2022","Apr","4","UYOMBO","Social Marketing + Traps: Control",1.10218726033763,3.1625,3,3,190.76061286619,26.3333333333333,341.40910036906,8.25323415106537,2.44612433957365,203.753092879957,959.493689281043,339.437527220604,1.6608629275,13.0444539599929,0.556440735025031,50,0,0,0,50,"Control",7,"Social Marketing + Traps",2
"185","2022-04-06 16:30:00 SS/UYO/SB/092/FF","2022","Apr","6","UYOMBO","Social Marketing + Traps: Experimental",4.30527736059558,2.4975,2,19,853.055029012995,25.6315789473684,1880.50340395932,39.2842772130333,11.5854615380261,786.825331562676,1219.03714452588,956.371038091332,-0.92109959,71.9301566682777,0.691425503134116,75,0,0,0,25,"Experimental",3,"Social Marketing + Traps",1
"186","2022-04-14 09:00:00 SS/UYO/SB/089/FF","2022","Apr","14","UYOMBO","Social Marketing + Traps: Experimental",2.95605663532356,2.5,2,10.5,584.762174251488,28,1278.27799875549,26.4936562394512,7.89291048257492,538.12953946704,1130.73025704789,692.489722940064,6.07153623,48.548237569692,0.838448344497878,66.6666666666667,0,0,0,33.3333333333333,"Experimental",8,"Social Marketing + Traps",2
"187","2022-04-18 11:00:00 SS/UYO/SB/085/FF","2022","Apr","18","UYOMBO","Social Marketing + Traps: Experimental",3.05291219226232,2,1,14.5,610.582438452464,24.8965517241379,1335.35565345941,28.3932692917807,8.40627785965432,555.58971658202,823.745569872652,645.331106021384,1.0064563,52.0708647569524,0.819024042468536,100,0,0,0,0,"Experimental",8,"Social Marketing + Traps",2
"188","2022-04-18 11:00:00 SS/UYO/SB/091/FF","2022","Apr","18","UYOMBO","Social Marketing + Traps: Experimental",1.96904550913835,2.61666666666667,3,11,393.80910182767,25.7272727272727,924.383093211976,16.7999703597951,5.53471479218872,356.089695295548,954.565619484166,612.52038378596,-0.989011851999999,29.8352713884672,NA,66.6666666666667,0,0,0,33.3333333333333,"Experimental",4,"Social Marketing + Traps",2
"189","2022-04-18 11:00:00 SS/UYO/SB/099/FF","2022","Apr","18","UYOMBO","Social Marketing + Traps: Control",7.92243795807624,2.162,2,42,1134.1539404821,23.3571428571429,3884.31831858976,66.5262144051906,12.3561187431635,1472.02540441358,2045.76386066835,2660.16563360519,2.503825136,131.291193089277,1.47424327644337,100,0,0,0,0,"Control",6,"Social Marketing + Traps",1
"190","2022-04-18 11:00:00 SS/UYO/SB/100/FF","2022","Apr","18","UYOMBO","Social Marketing + Traps: Experimental",1.0647312552091,2,1,6.5,212.94625104182,23,465.717587509386,9.9024142683007,2.93176685521164,193.767032611336,287.288857113674,225.06516901505,-2.7435437,18.1601938414772,2.12946251041819,100,0,0,0,0,"Experimental",4,"Social Marketing + Traps",2
"191","2022-04-19 11:30:00 SS/MAY/SB/039/FF","2022","Apr","19","UYOMBO","Social Marketing + Traps: Control",1.2641096311338,2.135,2,9,178.629828223423,20.7777777777778,621.958539427236,10.5778419397213,1.92247526874221,235.03431510239,325.946707318277,429.571128998874,-1.70406967,20.9290152546547,NA,100,0,0,0,0,"Control",6,"Social Marketing + Traps",1
"192","2022-04-19 11:30:00 SS/UYO/SB/100/FF","2022","Apr","19","UYOMBO","Social Marketing + Traps: Experimental",1.14663365945595,2,1,7,229.32673189119,23,501.5420173178,10.6641384427854,3.15728738253562,208.672188966054,309.387999968572,242.3778743239,-2.7435437,19.5571318292832,2.2932673189119,100,0,0,0,0,"Experimental",4,"Social Marketing + Traps",2
"193","2022-04-19 11:30:00 SS/UYO/SB/085/FF","2022","Apr","19","UYOMBO","Social Marketing + Traps: Control",7.13482608524617,2.054,3,35,1171.49604818545,24.1428571428571,3313.16589748657,62.2719340529138,14.2300928211358,1316.11451713379,1846.59502604153,2034.0599997121,-0.335612496,120.3433944626,NA,60,0,40,0,0,"Control",8,"Social Marketing + Traps",1
"194","2022-04-19 11:30:00 SS/UYO/SB/092/FF","2022","Apr","19","UYOMBO","Social Marketing + Traps: Experimental",4.03771514542512,2,1,19,807.543029085024,25.1052631578947,1766.11229113229,37.552319302902,11.1179599323575,734.810853378423,1089.46794207891,853.500859671171,-1.07687703333333,68.8677911527905,0.819024042468536,100,0,0,0,0,"Experimental",3,"Social Marketing + Traps",1
"195","2022-04-19 13:00:00 SS/UYO/SB/091/FF","2022","Apr","19","UYOMBO","Social Marketing + Traps: Control",10.8807160425839,2.33157894736842,6,57.0000000000001,1639.47656950278,22.780701754386,4782.17952888777,90.4310216356707,18.4881349221988,2013.38152434714,3683.73571321183,3334.15002550999,2.53786782736842,184.365389916736,4.45152588020025,52.6315789473684,0,31.5789473684211,0,15.7894736842105,"Control",9,"Social Marketing + Traps",2
"196","2022-04-19 11:30:00 SS/UYO/SB/091/FF","2022","Apr","19","UYOMBO","Social Marketing + Traps: Control",10.8807160425839,2.33157894736842,6,57.0000000000001,1639.47656950278,22.780701754386,4782.17952888777,90.4310216356707,18.4881349221988,2013.38152434714,3683.73571321183,3334.15002550999,2.53786782736842,184.365389916736,4.45152588020025,52.6315789473684,0,31.5789473684211,0,15.7894736842105,"Control",9,"Social Marketing + Traps",2
"197","2022-04-04 05:30:00 SS/UYO/SB/089/FF","2022","Apr","4","UYOMBO","Social Marketing + Traps: Control",2.50646505952078,2,2,11.5,447.572911769571,24.0869565217391,1011.42601334483,22.3817462154221,5.62415935123213,461.275005185101,586.742043190358,548.65719733578,-0.250092373333333,44.7520128421481,NA,66.6666666666667,0,33.3333333333333,0,0,"Control",2,"Social Marketing + Traps",2
"198","2022-04-25 07:00:00 SS/UYO/SB/086/FF","2022","Apr","25","UYOMBO","Social Marketing + Traps: Control",6.87044773979518,2.34777777777778,5,35,980.045069062241,22.1428571428571,2962.48304658752,66.2116938635453,12.539303076967,1253.83924618309,1568.52543639455,2156.88992070406,-1.97967878222222,164.006100019873,1.36977597258892,33.3333333333333,0,44.4444444444444,0,22.2222222222222,"Control",7,"Social Marketing + Traps",1
"199","2022-04-25 07:00:00 SS/UYO/SB/090/FF","2022","Apr","25","UYOMBO","Social Marketing + Traps: Control",1.6699880913851,2.162,2,9,200.398570966213,22.1666666666667,766.373243828931,13.9277381655553,2.06917357474822,307.788432246036,411.856808014863,565.514987270997,3.21023106,31.7572349786325,0.556440735025031,60,0,40,0,0,"Control",6,"Social Marketing + Traps",2
"200","2022-04-25 07:00:00 SS/UYO/SB/100/FF","2022","Apr","25","UYOMBO","Social Marketing + Traps: Control",4.36184701245916,2.054,3,17.5,791.725111734421,26.1428571428571,1910.831708195,39.2449863907867,10.236948032696,800.029129762464,1118.46519375151,1045.73539086133,1.664387504,75.0235912600853,2.79482781499293,60,0,40,0,0,"Control",7,"Social Marketing + Traps",2
"201","2022-04-25 07:00:00 SS/UYO/SB/088/FF","2022","Apr","25","UYOMBO","Social Marketing + Traps: Experimental",1.31027016992609,2.82,4,6.5,262.054033985218,25.6923076923077,647.68235621057,11.297447599029,3.68905544986536,237.760588572174,698.880300092814,475.423302674486,0.740580294,20.5403466208306,NA,50,0,0,0,50,"Experimental",4,"Social Marketing + Traps",2
"202","2022-04-25 07:00:00 SS/UYO/SB/100/FF","2022","Apr","25","UYOMBO","Social Marketing + Traps: Experimental",0.218337186038862,2,1,0.5,43.6674372077726,33,95.5015334133662,2.03062064324134,0.601197459130856,39.734485524379,58.9123690467806,46.1525811679648,7.2564563,3.7239872520599,NA,100,0,0,0,0,"Experimental",4,"Social Marketing + Traps",2
"203","2022-04-26 07:30:00 SS/UYO/SB/100/FF","2022","Apr","26","UYOMBO","Social Marketing + Traps: Experimental",2.68405612969612,2.476666689,2,15.5,536.811225939224,23.1612903225806,1136.84417431716,24.3506530849774,7.04007828367342,492.697419750274,727.19690577927,624.442172313426,-3.00889151666667,46.5603313508468,1.96565770192449,66.6666666666667,0,0,0,33.3333333333333,"Experimental",4,"Social Marketing + Traps",2
"204","2022-04-26 07:30:00 SS/UYO/SB/089/FF","2022","Apr","26","UYOMBO","Social Marketing + Traps: Control",2.89229270298468,2.25285714285714,5,16,505.001673066772,23.15625,1258.37099846085,25.0092853759432,6.38415195187576,529.45296891088,1082.52696105468,780.425215934576,2.54739507857143,48.8850663106592,1.11288147005006,42.8571428571429,0,42.8571428571429,0,14.2857142857143,"Control",8,"Social Marketing + Traps",2
"205","2022-04-26 07:30:00 SS/UYO/SB/088/FF","2022","Apr","26","UYOMBO","Social Marketing + Traps: Control",2.09357089653208,2.28333333333333,4,11,406.781355692807,23.6818181818182,954.941282571182,19.9648426227298,5.47714989546207,384.104924829547,538.86105215215,522.154016865483,0.422795686666666,38.2394568797422,1.63804808493707,66.6666666666667,0,16.6666666666667,0,16.6666666666667,"Control",5,"Social Marketing + Traps",2
"206","2022-04-26 07:30:00 SS/UYO/SB/095/FF","2022","Apr","26","UYOMBO","Social Marketing + Traps: Control",2.11403184512976,2.045,3,13,365.617018537571,21.6538461538462,860.270158041424,19.4432735392494,4.98828406289805,381.779690220429,543.463690077063,465.753131152358,0.985955048333334,41.4405601596056,NA,50,0,50,0,0,"Control",7,"Social Marketing + Traps",2
"207","2022-04-26 07:30:00 SS/UYO/SB/039/FF","2022","Apr","26","UYOMBO","Social Marketing + Traps: Control",2.32561297529696,2.135,2,18,346.415238254052,20.2222222222222,1127.68347152673,19.7429141774872,3.91038271825994,431.203740591895,603.281201345742,751.370534853978,-1.70406967,38.6550722737465,0.84177101523021,100,0,0,0,0,"Control",6,"Social Marketing + Traps",1
"208","2022-04-26 07:30:00 SS/UYO/SB/100/FF","2022","Apr","26","UYOMBO","Social Marketing + Traps: Control",0.432253356427543,2.18,2,2,51.8704027713053,23,209.91048340634,3.46429763876294,0.451386399221271,81.1149557941814,102.971823885265,158.750634309274,1.96920633333333,7.28469003655586,NA,66.6666666666667,0,33.3333333333333,0,0,"Control",7,"Social Marketing + Traps",2
"209","2022-04-26 07:30:00 SS/UYO/SB/091/FF","2022","Apr","26","UYOMBO","Social Marketing + Traps: Control",6.03765037463823,2.30230769230769,7,24,873.273201895944,24.25,2364.78935467236,50.6012625300839,10.1589612417135,1101.9326109315,2246.76577790015,1681.59610894265,4.00929244307692,116.46768612007,2.59672343011681,23.0769230769231,0,61.5384615384615,0,15.3846153846154,"Control",9,"Social Marketing + Traps",2
"210","2022-04-26 07:30:00 SS/UYO/SB/092/FF","2022","Apr","26","UYOMBO","Social Marketing + Traps: Experimental",4.93315320512409,2,1,23,986.630641024815,24.9565217391304,2157.78037722147,45.8802410910165,13.5835733080115,897.768759297174,1331.0776210739,1042.78047108736,1.0064563,84.1404983806587,1.31043846794966,100,0,0,0,0,"Experimental",3,"Social Marketing + Traps",1
"211","2022-04-26 07:30:00 SS/UYO/SB/088/FF","2022","Apr","26","UYOMBO","Social Marketing + Traps: Experimental",1.90655383830562,3.158,4,4,370.515191364254,29.875,514.999557510202,14.6644594278157,5.490533289027,351.488326604392,1300.99984003634,533.88404366659,-2.121696714,21.624672458291,NA,40,0,0,0,60,"Experimental",4,"Social Marketing + Traps",2
"212","2022-04-26 07:30:00 SS/UYO/SB/071/FF","2022","Apr","26","UYOMBO","Social Marketing + Traps: Experimental",2.26766371855252,2,1,9,453.532743710502,26.6111111111111,991.884920368419,21.0901534565099,6.24407454584643,412.684860667509,611.867562667875,479.343604865895,1.0064563,38.6775653431074,0.819024042468536,100,0,0,0,0,"Experimental",6,"Social Marketing + Traps",2
"213","2022-04-27 08:00:00 SS/UYO/SB/088/FF","2022","Apr","27","UYOMBO","Social Marketing + Traps: Experimental",5.29118242316886,2.93999998575,5,10.5,974.155875659014,30.3809523809524,1213.06607890948,39.802087185657,15.7479285313877,956.677153405202,3265.78367596206,1753.96881543169,0.123588521250001,62.9990649494258,2.10201522436899,37.5,0,12.5,0,50,"Experimental",4,"Social Marketing + Traps",2
"214","2022-04-27 08:00:00 SS/UYO/SB/039/FF","2022","Apr","27","UYOMBO","Social Marketing + Traps: Control",5.61500695958795,2.135,2,36,892.024915965276,21.75,2670.9380391398,48.5516659179879,10.609787811774,1037.37048281817,1467.92630442161,1692.37781208452,0.795930329999999,93.803344419195,0.925948116753231,100,0,0,0,0,"Control",6,"Social Marketing + Traps",1
"215","2022-04-01 12:58:00 SS/MAY/SB/030/FF","2022","Apr","1","MAYUNGU","Social Marketing + Traps: Experimental",3.18612854340276,2,1,7.33333333333332,637.225708680552,32.0909090909091,1393.62500299376,29.6322331052783,8.77309275396216,579.83333386056,859.690389826748,673.490663128688,8.92312296666667,54.343020052224,NA,100,0,0,0,0,"Experimental",12,"Social Marketing + Traps",3
"216","2022-04-01 12:57:00 SS/MAY/SB/015/FF","2022","Apr","1","MAYUNGU","Social Marketing + Traps: Experimental",3.82386848694044,2,1,11,764.773697388088,29.2121212121212,1672.57493191682,35.5634623102598,10.529127264606,695.893584588104,1031.76722012389,808.297495817908,5.58978963333333,65.220394918826,NA,100,0,0,0,0,"Experimental",12,"Social Marketing + Traps",3
"217","2022-04-01 12:59:00 SS/MAY/SB/028/FF","2022","Apr","1","MAYUNGU","Social Marketing + Traps: Experimental",3.79088069968003,2,1,7.75,758.176139936008,33.8064516129032,1658.14594561156,35.2566630746321,10.438294483241,689.890242788384,1022.8663602549,801.324466822212,7.2564563,64.6577509576204,NA,100,0,0,0,0,"Experimental",16,"Social Marketing + Traps",4
"218","2022-04-04 12:57:00 SS/MAY/SB/017/FF","2022","Apr","4","MAYUNGU","Social Marketing + Traps: Experimental",3.80770897899726,2,2,5.83333333333334,663.447751995566,36.2857142857143,1525.87562133862,35.2102844531928,9.14751186244046,686.217752548468,977.3943524876,810.94552804701,12.8451279033333,75.6329714749622,NA,66.6666666666667,0,33.3333333333333,0,0,"Experimental",12,"Social Marketing + Traps",6
"219","2022-04-27 08:00:00 SS/UYO/SB/092/FF","2022","Apr","27","UYOMBO","Social Marketing + Traps: Experimental",1.84070149748946,2,1,6.99999999999999,368.140299497892,27.2857142857143,805.129986127209,17.1192389471487,5.0684223030705,334.983372890403,496.663385163165,389.091417775053,-0.2435437,31.3952425414068,NA,100,0,0,0,0,"Experimental",3,"Social Marketing + Traps",1
"220","2022-04-18 12:43:00 SS/MAY/SB/043/FF","2022","Apr","18","MAYUNGU","Social Marketing + Traps: Control",5.76206874191852,2.375,3,19,1134.25335687363,29.0526315789474,2503.67846250373,51.1038547467646,15.7019989445918,1043.66629605569,2767.21922795834,1397.11236520016,5.269859906,93.694620592566,NA,75,0,0,0,25,"Control",15,"Social Marketing + Traps",2
"221","2022-04-18 12:50:00 SS/MAY/SB/042/FF","2022","Apr","18","MAYUNGU","Social Marketing + Traps: Control",17.1228990390991,2.51571428571429,4,39,3186.84576852153,31.2051282051282,6993.20337343153,138.885386531814,41.06959757697,3161.3418838738,7512.51141798577,4727.22492242553,6.17334359142857,258.220638929803,1.35400700366836,57.1428571428571,0,0,14.2857142857143,28.5714285714286,"Control",15,"Social Marketing + Traps",1
"222","2022-04-07 12:55:00 SS/MAY/SB/065/FF","2022","Apr","7","MAYUNGU","Social Marketing + Traps: Experimental",6.94973299429612,2,1,14.5,1389.94659885922,33.6896551724138,3039.8402114178,64.6352164707356,19.1362813344356,1264.75965945172,1875.19699399114,1469.04941816848,7.2564563,118.53554378672,NA,100,0,0,0,0,"Experimental",8,"Social Marketing + Traps",2
"223","2022-04-25 07:00:00 SS/UYO/SB/091/FF","2022","Apr","25","UYOMBO","Social Marketing + Traps: Experimental",0.886575179986,2,1,4,177.3150359972,25.5,387.79142807045,8.24549356399846,2.44120919210342,161.344978812528,239.218271237382,187.406156954518,-0.2435437,15.1215408064887,NA,100,0,0,0,0,"Experimental",4,"Social Marketing + Traps",2
"224","2022-04-25 07:00:00 SS/UYO/SB/039/FF","2022","Apr","25","UYOMBO","Social Marketing + Traps: Control",2.80157573959244,2.18,2,19,403.530769969509,20.8947368421053,1371.30021763008,23.5645313678814,4.42121284879803,520.380091602039,723.937178992662,935.307773337432,1.97575500666667,46.4488999880585,0.84177101523021,100,0,0,0,0,"Control",6,"Social Marketing + Traps",1
"225","2022-04-18 11:00:00 SS/UYO/SB/088/FF","2022","Apr","18","UYOMBO","Social Marketing + Traps: Control",1.66588514553337,2.78571431571429,6,11,240.381812764174,21.1818181818182,672.27997315143,14.46334178597,2.93404789128672,306.261589718355,489.989812858852,539.443882714308,-7.07428069666667,33.106385427728,NA,28.5714285714286,0,28.5714285714286,0,42.8571428571429,"Control",5,"Social Marketing + Traps",2
"226","2022-04-18 11:00:00 SS/UYO/SB/091/FF","2022","Apr","18","UYOMBO","Social Marketing + Traps: Control",5.55660462923091,2.6760000105,7,29.5,931.720727105658,23.4237288135593,2501.15843272514,47.1667330532281,11.3453277265865,1023.73966528155,2046.91583143487,1713.87413669347,3.269375319,92.7362705666378,2.2932673189119,40,0,20,0,40,"Control",9,"Social Marketing + Traps",2
"227","2022-04-20 00:05:00 SS/UYO/SB/071/FF","2022","Apr","20","UYOMBO","Social Marketing + Traps: Control",2.56676235139026,2.44714285714286,4,11,385.466122441417,23,1106.1453765438,25.9062916287664,5.15802440444924,467.521087455611,570.358144263299,792.83946361397,0.754805762857143,65.0539645568102,NA,42.8571428571429,0,28.5714285714286,0,28.5714285714286,"Control",7,"Social Marketing + Traps",2
"228","2022-04-20 00:05:00 SS/UYO/SB/085/FF","2022","Apr","20","UYOMBO","Social Marketing + Traps: Control",4.23244988871312,2.045,5,32,641.121542825662,20.34375,1832.70853347174,36.7480003908201,7.6131661289569,778.201233604658,1031.81666286322,1170.22722107391,-1.36600995,78.0317155967172,1.01012521827625,50,0,50,0,0,"Control",8,"Social Marketing + Traps",1
"229","2022-04-20 00:05:00 SS/UYO/SB/085/FF","2022","Apr","20","UYOMBO","Social Marketing + Traps: Experimental",3.84835500393466,2.698,4,16,717.234174591032,26.4375,1590.47208758492,28.4989301905158,8.65405850267128,707.052815704361,3135.63488329226,1298.81444932934,3.55419310333333,51.8356183732532,NA,60,0,0,0,40,"Experimental",8,"Social Marketing + Traps",1
"230","2022-04-20 00:05:00 SS/UYO/SB/088/FF","2022","Apr","20","UYOMBO","Social Marketing + Traps: Control",5.0360752925054,2.663750013125,4,29,743.342624518249,21.9655172413793,2552.02756444152,44.8320858026448,8.15722909129093,944.41555424055,1233.73265589128,1938.1585491643,0.113688354999999,93.292630032084,0.927401225041718,62.5,0,0,0,37.5,"Control",7,"Social Marketing + Traps",1
"231","2022-04-20 00:05:00 SS/UYO/SB/100/FF","2022","Apr","20","UYOMBO","Social Marketing + Traps: Control",7.39573770473629,2.22125,4,35.4999999999999,1353.04114048995,23.8450704225352,3107.75537810032,66.1796091512132,17.3991794793569,1356.89585044328,2008.49672134963,1696.25721889266,2.06952402875,128.378970329488,1.96565770192449,75,0,12.5,0,12.5,"Control",7,"Social Marketing + Traps",2
"232","2022-04-20 00:05:00 SS/UYO/SB/091/FF","2022","Apr","20","UYOMBO","Social Marketing + Traps: Control",4.69095649559703,2.40833333891667,7,25,676.596892380998,22.1,2039.8255966918,40.1195325647804,7.54126469952435,867.3229192095,1202.86191267507,1431.80468181491,2.00683789416667,88.4082688532694,2.86492766835969,33.3333333333333,0,41.6666666666667,0,25,"Control",9,"Social Marketing + Traps",2
